amount_usd,sender_country_risk,receiver_account_age_days,hour_of_day,channel_atm,channel_branch,channel_online,is_suspicious
342.24,2,36,14,0,1,0,0
503.14,0,233,20,0,1,0,0
541.67,4,1176,3,1,0,0,1
295.42,3,1069,3,1,0,0,1
188.44,4,686,14,0,1,0,0
342.88,4,869,0,1,0,0,0
554.94,4,184,16,0,1,0,1
431.39,4,304,17,0,1,0,0
160.38,4,251,0,1,0,0,1
593.78,4,9,4,0,0,1,1
518.3,1,138,2,0,1,0,0
232.33,0,987,23,1,0,0,1
513.01,3,2594,0,0,1,0,1
289.45,0,1093,15,0,1,0,0
617.3,2,556,6,0,1,0,0
502.19,4,2773,21,1,0,0,1
400.4,0,918,20,1,0,0,0
930.02,2,1817,11,1,0,0,0
283.45,2,1415,18,1,0,0,1
99.46,3,1437,23,1,0,0,1
489.85,1,308,15,1,0,0,1
1534.28,2,78,15,1,0,0,0
268.24,2,91,15,1,0,0,0
236.25,0,82,1,1,0,0,0
203.0,2,109,16,0,0,1,0
305.32,4,60,8,0,0,1,0
211.02,3,2478,6,0,1,0,1
394.97,1,452,12,0,1,0,0
1168.6,1,1205,8,0,1,0,0
466.18,1,183,18,0,1,0,0
76.43,3,2220,7,0,0,1,1
519.9,0,654,15,0,0,1,0
230.57,4,3289,8,1,0,0,1
336.99,1,1384,16,0,1,0,0
177.42,1,431,1,0,0,1,0
159.17,4,699,12,1,0,0,0
71.37,3,1002,14,0,1,0,0
417.03,2,617,6,0,1,0,0
354.58,1,537,20,0,0,1,1
144.56,0,51,17,0,0,1,0
989.37,0,997,4,0,0,1,1
356.99,2,218,17,0,1,0,0
144.28,1,857,8,0,0,1,1
43.27,0,1603,16,0,1,0,1
504.1,4,891,20,1,0,0,0
281.75,1,126,16,0,1,0,1
548.31,0,2191,15,0,1,0,0
1176.9,4,668,16,0,0,1,0
516.15,1,1083,4,1,0,0,0
480.94,3,306,16,0,0,1,1
113.71,1,987,22,0,1,0,1
525.89,1,56,20,1,0,0,0
738.92,2,856,21,0,1,0,0
904.27,4,247,13,0,1,0,1
410.56,0,326,0,1,0,0,0
69.06,3,92,15,1,0,0,0
446.85,0,171,9,1,0,0,1
50.24,0,8,14,1,0,0,1
194.91,2,1044,21,0,0,1,0
324.34,0,781,20,0,1,0,1
390.96,3,360,17,0,0,1,0
154.59,1,3134,22,0,0,1,0
620.14,3,16,3,0,0,1,1
250.64,0,182,3,0,0,1,1
207.51,1,2018,5,1,0,0,0
281.01,3,744,17,1,0,0,1
276.72,4,2665,2,0,1,0,1
26.98,1,835,15,1,0,0,0
393.35,0,1085,21,1,0,0,0
303.97,1,1247,19,0,0,1,0
211.07,3,477,4,1,0,0,0
207.86,3,206,20,0,0,1,0
101.55,0,139,9,0,0,1,0
212.43,2,893,14,0,1,0,0
433.41,3,101,19,0,1,0,0
164.61,2,269,17,0,1,0,0
214.47,4,904,13,0,0,1,0
236.41,0,862,6,0,1,0,0
323.34,4,558,21,0,1,0,1
313.54,2,465,2,0,0,1,0
1058.59,3,411,22,0,0,1,0
477.42,2,476,2,1,0,0,1
638.2,3,65,21,1,0,0,0
228.66,4,398,13,1,0,0,1
697.25,0,20,3,1,0,0,1
328.64,4,2076,9,0,0,1,1
285.62,2,215,6,0,0,1,0
556.86,1,487,10,0,0,1,1
317.28,1,164,20,1,0,0,0
660.9,3,171,23,0,1,0,0
422.75,0,57,11,1,0,0,0
256.72,1,617,2,0,0,1,0
731.49,4,740,3,1,0,0,0
162.28,2,1056,22,0,0,1,0
579.76,4,660,19,1,0,0,0
324.62,4,1135,10,0,0,1,0
169.57,1,122,2,0,1,0,0
693.4,2,70,8,0,1,0,0
145.55,0,427,6,0,0,1,1
149.5,1,56,16,1,0,0,0
696.49,1,1297,1,1,0,0,1
669.69,1,307,16,0,0,1,0
696.98,0,1296,3,0,0,1,0
330.92,1,31,9,1,0,0,0
67.42,0,2303,15,0,0,1,1
148.02,2,751,21,0,0,1,0
296.65,0,298,10,1,0,0,0
573.53,1,223,3,0,1,0,0
579.63,1,180,1,0,1,0,1
62.07,1,458,8,0,1,0,0
1341.74,2,370,2,0,1,0,0
962.65,0,163,14,1,0,0,1
948.23,4,37,16,1,0,0,0
891.71,1,268,9,1,0,0,0
621.21,0,1437,23,1,0,0,0
125.81,2,1145,11,1,0,0,0
302.82,3,888,20,1,0,0,1
489.73,3,1757,6,0,0,1,0
469.4,2,86,16,0,0,1,1
221.9,2,329,10,0,1,0,0
110.98,0,250,2,1,0,0,0
955.43,4,4111,22,1,0,0,1
97.91,3,84,22,0,0,1,0
121.27,3,397,1,1,0,0,1
588.35,4,948,6,0,1,0,0
267.04,1,261,9,0,1,0,0
259.18,2,1591,13,0,1,0,0
337.5,1,1613,8,0,1,0,0
372.3,4,1283,18,0,1,0,0
361.21,1,107,0,0,1,0,1
335.77,0,2311,16,1,0,0,0
301.66,0,1060,14,0,0,1,0
179.68,3,1773,17,0,0,1,0
295.43,1,849,19,1,0,0,1
650.86,2,927,13,1,0,0,1
380.46,4,1281,5,1,0,0,1
51.93,3,483,18,0,0,1,1
608.97,3,218,22,0,1,0,0
564.42,3,683,19,0,1,0,1
366.91,2,585,2,0,1,0,0
168.52,1,203,13,0,0,1,0
70.89,3,29,19,0,1,0,1
118.79,3,168,16,0,0,1,1
131.6,1,138,16,0,1,0,0
419.49,3,1722,5,1,0,0,0
766.85,1,551,0,0,1,0,0
718.28,0,137,2,0,0,1,0
243.73,1,277,15,0,1,0,1
300.06,3,223,14,0,1,0,0
182.47,1,1010,11,0,1,0,0
144.13,4,1252,0,0,0,1,1
480.58,3,1619,20,1,0,0,1
617.5,3,248,17,0,1,0,0
193.41,0,1050,22,0,1,0,0
477.84,3,1004,5,1,0,0,0
347.22,4,1538,17,0,0,1,0
436.12,2,707,16,0,0,1,0
297.49,0,210,14,0,0,1,0
407.76,2,818,23,0,0,1,1
320.58,3,2435,23,0,0,1,1
312.08,1,852,7,0,1,0,0
406.19,1,1344,23,1,0,0,0
661.28,2,254,3,0,0,1,0
143.61,1,1809,14,0,0,1,0
848.97,0,250,20,0,1,0,1
1255.24,3,594,21,0,0,1,1
441.95,3,1495,9,0,0,1,1
475.22,2,631,22,1,0,0,0
808.31,1,491,1,0,0,1,0
348.33,2,353,10,0,0,1,0
527.09,3,874,17,0,1,0,0
167.44,1,901,15,0,0,1,0
357.57,1,644,17,0,1,0,0
226.21,3,846,3,0,0,1,1
560.73,0,1713,19,0,1,0,0
451.58,0,288,11,1,0,0,0
635.34,3,823,18,0,0,1,1
482.49,4,2111,7,0,1,0,0
75.53,2,2323,8,0,1,0,1
298.7,4,860,13,0,0,1,0
92.24,3,794,1,0,1,0,0
48.01,2,1352,4,1,0,0,0
198.19,2,369,9,0,0,1,0
154.68,1,168,2,0,1,0,0
270.88,2,90,23,0,0,1,0
294.81,0,32,8,0,1,0,0
1357.01,3,279,3,0,1,0,1
611.65,4,1207,23,1,0,0,1
132.12,0,312,6,0,0,1,0
214.2,1,891,11,0,0,1,0
232.5,3,2363,5,0,0,1,1
83.21,4,847,12,0,1,0,1
283.87,0,222,0,1,0,0,0
303.02,0,148,17,1,0,0,0
293.21,4,0,9,0,1,0,1
1071.38,1,1256,4,0,1,0,1
502.3,0,577,5,0,0,1,0
395.56,1,926,17,0,0,1,0
181.53,2,129,11,0,0,1,0
396.2,2,42,14,1,0,0,0
335.46,1,1282,21,0,0,1,0
638.46,2,371,1,1,0,0,1
251.88,1,385,20,1,0,0,0
190.75,0,557,6,0,1,0,0
340.8,3,596,17,0,1,0,1
297.23,4,552,2,0,1,0,0
418.6,3,222,15,0,1,0,1
432.93,0,350,16,0,0,1,0
816.42,1,1240,17,0,1,0,1
508.91,0,958,4,1,0,0,0
396.45,1,1491,7,0,1,0,0
223.55,4,916,10,0,0,1,1
305.58,2,44,14,1,0,0,0
226.62,2,420,13,1,0,0,0
110.35,0,505,15,0,1,0,1
812.4,1,39,19,0,1,0,0
213.7,3,267,23,0,0,1,1
842.8,2,93,3,0,0,1,0
243.01,2,1752,5,0,0,1,0
265.32,1,1024,20,0,0,1,0
294.12,2,1343,10,0,0,1,0
123.94,1,1195,17,0,0,1,0
270.04,4,151,16,1,0,0,0
432.7,4,122,17,0,0,1,0
228.91,4,2500,17,0,0,1,1
515.25,2,24,0,0,0,1,0
290.86,4,1307,16,0,1,0,1
351.21,0,293,13,1,0,0,0
564.98,0,1936,5,0,1,0,0
484.27,2,496,19,1,0,0,0
514.94,2,273,11,0,1,0,0
853.99,1,464,18,0,1,0,0
170.71,1,117,20,0,0,1,0
30.61,3,2534,13,1,0,0,1
452.24,2,1363,14,0,1,0,0
151.65,0,20,5,1,0,0,0
304.46,3,150,21,0,1,0,1
168.73,0,2291,12,0,1,0,0
323.71,4,2711,4,1,0,0,1
302.95,2,36,19,0,0,1,0
349.63,0,1163,10,0,0,1,0
704.32,3,805,12,0,1,0,0
292.18,0,1345,23,0,0,1,1
546.84,3,263,23,0,1,0,1
570.93,2,3841,9,0,0,1,0
215.16,3,773,21,0,0,1,1
256.56,1,421,8,1,0,0,0
772.66,1,1432,21,0,1,0,1
727.85,2,130,9,0,0,1,0
193.31,4,210,21,0,0,1,1
60.47,2,450,8,0,0,1,0
105.86,2,211,14,1,0,0,0
242.51,4,161,17,0,0,1,1
968.06,3,726,23,0,1,0,1
759.3,4,300,0,0,1,0,1
327.85,2,1167,2,0,0,1,0
262.78,2,1688,1,0,0,1,1
425.75,4,41,15,1,0,0,0
261.82,1,263,13,1,0,0,0
224.18,3,489,5,0,0,1,1
464.28,0,198,11,1,0,0,0
520.51,1,1003,14,0,1,0,0
233.28,2,277,18,1,0,0,0
579.64,0,681,13,0,0,1,0
1018.3,1,1493,11,0,1,0,0
226.03,2,1873,3,0,1,0,0
846.97,2,1021,15,0,0,1,0
399.51,3,346,19,1,0,0,0
397.81,2,858,16,0,1,0,1
603.2,4,216,9,0,1,0,0
181.11,2,1666,4,1,0,0,1
1038.23,4,350,0,0,0,1,1
541.7,3,365,9,0,0,1,0
996.46,0,99,23,0,0,1,0
186.85,1,249,9,0,0,1,0
219.7,3,617,19,1,0,0,0
432.23,1,547,0,0,1,0,0
585.63,3,441,8,0,1,0,0
336.27,3,146,13,0,1,0,1
406.3,4,310,4,0,0,1,0
594.92,4,785,22,0,1,0,1
455.22,2,1224,2,0,1,0,0
285.46,0,276,10,0,0,1,0
188.2,0,630,2,0,0,1,1
132.22,3,261,2,0,0,1,1
429.44,4,15,14,1,0,0,0
445.24,2,202,22,0,0,1,0
337.85,4,1820,7,0,0,1,1
48.14,3,467,1,0,0,1,1
215.29,4,774,7,0,1,0,0
871.06,4,664,12,0,0,1,0
455.29,4,969,7,0,1,0,1
564.07,3,887,6,1,0,0,0
204.71,4,894,2,1,0,0,1
351.92,2,983,10,0,1,0,1
842.76,3,180,15,1,0,0,0
238.12,3,112,8,0,0,1,0
386.21,4,604,2,0,1,0,0
34.7,4,751,17,1,0,0,0
672.91,3,1052,18,0,1,0,0
300.06,1,195,1,0,1,0,1
63.51,4,88,21,1,0,0,1
131.08,4,810,7,1,0,0,1
871.66,1,268,0,0,0,1,1
359.97,3,948,13,0,1,0,1
387.72,2,1600,5,0,0,1,0
284.52,1,529,16,0,1,0,0
158.6,4,439,16,1,0,0,0
264.63,4,113,21,0,1,0,1
282.24,3,1314,13,0,0,1,0
647.28,0,422,23,0,0,1,0
759.8,0,740,5,1,0,0,0
146.14,4,77,5,0,0,1,1
364.23,4,197,1,1,0,0,1
761.42,4,1569,3,1,0,0,1
140.61,3,1711,19,1,0,0,1
239.31,2,1015,16,1,0,0,0
273.51,4,424,19,0,1,0,0
735.06,3,978,12,1,0,0,1
410.98,2,1158,18,0,1,0,0
260.59,0,2444,12,1,0,0,0
269.2,3,2302,16,0,0,1,0
49.0,0,147,6,0,1,0,0
65.42,1,1026,3,1,0,0,0
162.2,4,1428,14,1,0,0,0
388.6,4,48,9,0,0,1,1
498.3,2,292,11,1,0,0,1
424.3,1,795,9,1,0,0,1
225.82,3,141,14,1,0,0,0
230.98,4,2030,19,1,0,0,0
345.63,2,1484,2,1,0,0,0
61.84,4,548,16,0,1,0,0
672.8,3,243,17,0,0,1,0
276.65,1,251,16,0,0,1,0
105.12,1,39,13,0,1,0,0
500.35,0,201,19,0,1,0,0
743.76,2,85,11,0,1,0,0
282.23,0,802,11,0,0,1,0
325.51,3,1194,14,0,0,1,1
200.23,1,53,0,0,1,0,0
95.5,4,492,10,0,1,0,0
265.94,2,136,15,0,0,1,0
594.44,2,34,5,0,0,1,0
727.04,2,2341,23,0,1,0,0
679.74,4,230,16,0,1,0,1
460.22,3,939,15,0,0,1,0
350.03,1,433,14,1,0,0,0
432.62,4,1416,8,1,0,0,1
47.9,0,119,18,0,1,0,1
719.82,1,1321,13,0,1,0,0
281.43,2,256,18,1,0,0,1
331.44,4,1093,21,0,0,1,1
180.91,1,321,11,0,1,0,1
35.3,0,1783,18,0,1,0,1
869.3,0,943,10,1,0,0,0
223.25,3,591,21,0,0,1,0
708.6,3,1197,2,0,0,1,0
503.04,2,24,20,1,0,0,0
657.65,2,1356,6,0,1,0,0
726.27,1,1741,18,0,0,1,0
1736.89,0,1738,23,1,0,0,1
577.5,1,331,13,0,0,1,0
65.87,2,1007,18,1,0,0,0
425.63,1,62,8,0,1,0,0
437.45,0,1659,0,0,1,0,1
302.31,2,1125,15,0,0,1,0
376.65,3,178,4,0,1,0,0
550.55,2,523,19,0,0,1,1
528.46,4,863,2,1,0,0,0
73.29,2,1050,19,0,0,1,0
759.36,3,569,13,0,0,1,1
444.96,2,232,10,1,0,0,0
378.73,1,1228,3,0,1,0,0
375.09,1,553,2,0,1,0,0
347.56,2,589,10,0,0,1,0
433.07,3,386,18,0,1,0,1
238.11,4,165,12,0,0,1,0
124.19,3,203,2,0,0,1,1
351.09,1,233,19,0,1,0,1
567.72,3,1010,19,1,0,0,0
361.67,2,2899,9,1,0,0,0
288.18,2,120,23,0,0,1,0
286.18,0,244,5,0,1,0,0
1027.6,3,797,19,0,0,1,0
284.36,1,779,4,0,1,0,0
662.89,3,114,19,0,1,0,0
760.7,2,358,7,0,1,0,0
312.22,4,2138,8,1,0,0,1
162.68,2,363,22,1,0,0,0
575.72,4,579,6,1,0,0,1
487.86,4,4,22,1,0,0,1
249.57,4,2487,23,0,0,1,1
380.11,0,460,21,0,1,0,0
392.43,1,968,9,0,1,0,0
396.25,0,256,8,0,1,0,0
836.01,1,654,0,0,0,1,0
323.62,0,2329,12,0,1,0,0
435.47,0,3281,9,0,1,0,0
487.32,4,436,4,1,0,0,1
301.78,1,1633,2,0,1,0,1
56.13,4,987,14,1,0,0,0
163.09,3,3902,19,0,0,1,0
351.77,0,974,12,0,1,0,0
393.03,1,767,12,1,0,0,0
255.92,0,2860,22,0,1,0,0
832.53,4,146,4,0,0,1,0
152.87,1,1137,16,0,1,0,0
64.69,4,1183,5,1,0,0,1
110.08,0,498,23,1,0,0,0
395.76,4,3413,22,0,0,1,0
317.62,2,61,10,0,0,1,1
423.83,3,219,21,0,0,1,1
161.64,2,494,10,1,0,0,0
189.16,4,1407,6,0,0,1,0
206.85,3,45,3,1,0,0,1
610.43,2,470,12,1,0,0,1
256.62,1,476,19,0,1,0,0
526.01,2,5,18,0,1,0,1
196.65,1,195,13,0,0,1,0
105.46,3,1627,8,0,1,0,1
126.67,2,655,12,0,1,0,0
256.72,0,1633,13,0,0,1,0
442.38,4,124,22,0,0,1,1
239.78,1,663,12,1,0,0,0
99.37,3,123,8,0,0,1,1
468.04,0,2304,1,1,0,0,0
609.2,1,767,19,0,0,1,0
218.2,1,1938,10,0,1,0,0
717.42,0,703,11,1,0,0,0
470.13,4,279,19,0,0,1,0
151.46,4,526,13,0,0,1,0
922.99,2,339,9,0,1,0,1
375.67,4,1448,4,0,1,0,0
128.14,0,587,10,1,0,0,0
398.13,4,62,4,0,0,1,0
278.73,0,358,11,0,0,1,1
194.16,1,9,12,0,1,0,1
253.15,4,740,23,0,0,1,1
1471.76,3,1083,20,0,0,1,0
520.28,3,558,21,0,1,0,0
665.3,4,2596,19,0,1,0,1
439.83,3,1299,4,1,0,0,1
558.88,4,978,17,0,0,1,0
107.81,1,86,2,0,1,0,0
15.04,0,631,21,0,1,0,0
724.29,2,131,13,0,1,0,0
217.45,1,630,1,1,0,0,0
404.58,1,36,21,0,1,0,1
188.2,3,167,11,0,1,0,1
77.1,3,338,14,0,1,0,1
908.57,4,135,1,0,1,0,1
118.49,4,320,9,1,0,0,1
417.01,3,944,5,0,0,1,1
243.76,3,150,8,1,0,0,0
47.94,1,437,13,0,1,0,0
208.4,3,1306,6,0,1,0,1
414.91,3,276,20,1,0,0,1
266.49,0,788,18,1,0,0,0
277.38,0,935,0,0,1,0,0
734.99,3,2815,23,1,0,0,0
592.03,3,553,22,0,0,1,0
78.73,4,763,16,0,1,0,0
440.63,2,220,16,0,1,0,0
937.13,2,314,11,0,1,0,0
343.47,4,1052,8,1,0,0,0
150.46,0,772,6,1,0,0,0
323.22,4,326,21,0,0,1,1
603.12,3,590,22,1,0,0,0
151.22,4,1363,19,0,1,0,0
425.83,3,1713,10,1,0,0,1
741.59,4,175,16,1,0,0,0
424.03,0,1276,3,0,0,1,0
202.62,1,54,19,1,0,0,0
195.54,1,98,19,1,0,0,0
191.13,4,462,0,0,1,0,1
159.9,4,198,8,0,0,1,1
323.49,2,45,9,0,1,0,0
660.1,1,243,6,0,0,1,1
46.87,0,107,21,0,1,0,0
663.66,4,438,2,0,0,1,1
341.93,2,462,1,1,0,0,0
153.96,2,226,15,1,0,0,0
212.39,2,438,15,1,0,0,0
83.99,2,4523,7,0,0,1,0
341.76,2,313,10,0,1,0,0
446.83,2,269,8,0,1,0,1
617.21,4,64,17,1,0,0,0
5.67,0,27,3,0,1,0,1
303.72,4,2080,7,1,0,0,1
518.91,1,633,11,0,1,0,0
222.18,2,493,6,0,1,0,0
259.25,4,161,22,0,1,0,0
335.99,2,680,16,1,0,0,0
242.59,4,1512,6,0,1,0,0
303.55,0,153,13,0,0,1,0
330.75,4,296,7,1,0,0,1
705.01,1,2516,16,1,0,0,1
99.76,4,16,7,0,0,1,1
519.73,2,2138,1,0,0,1,0
317.61,2,929,8,1,0,0,0
357.63,0,3759,19,0,0,1,0
1034.66,1,556,2,0,1,0,0
332.04,2,1575,11,0,1,0,0
510.03,3,900,5,1,0,0,0
626.55,3,551,11,1,0,0,0
978.75,0,1239,6,1,0,0,0
197.0,4,1821,3,1,0,0,0
208.45,3,564,23,0,0,1,0
490.68,1,489,15,1,0,0,0
75.11,3,4875,3,0,0,1,1
461.71,2,16,21,0,1,0,0
71.77,3,494,21,0,0,1,0
81.07,0,80,2,0,0,1,1
108.78,0,490,17,0,0,1,0
121.69,0,796,16,0,0,1,0
17.29,2,912,0,1,0,0,1
66.29,1,962,13,0,0,1,0
227.44,4,3422,15,0,0,1,1
342.87,1,1404,8,0,1,0,0
450.92,2,116,12,0,0,1,0
1837.77,0,869,13,0,0,1,0
345.57,4,588,0,0,0,1,1
342.98,1,1665,12,1,0,0,0
184.96,1,734,23,0,1,0,1
719.39,2,176,23,0,0,1,0
989.95,4,2230,9,0,1,0,1
704.84,1,445,5,0,1,0,0
254.89,3,127,8,0,1,0,1
142.12,2,1172,18,0,0,1,0
541.92,0,842,19,1,0,0,0
1137.56,4,299,23,1,0,0,0
602.3,2,382,16,0,0,1,0
266.89,2,149,2,1,0,0,0
445.9,1,14,23,0,1,0,0
791.98,1,213,22,0,1,0,0
349.07,2,153,12,0,0,1,0
84.25,2,345,13,1,0,0,0
432.35,0,625,13,1,0,0,0
1070.42,4,2674,16,0,0,1,1
588.26,2,26,22,0,0,1,0
107.92,4,383,3,0,0,1,1
170.16,4,2596,21,1,0,0,1
343.9,2,302,21,0,1,0,0
945.66,1,272,20,0,1,0,0
22.56,1,1929,5,0,0,1,1
567.02,2,743,9,0,1,0,0
379.02,3,655,0,1,0,0,0
265.33,0,66,2,1,0,0,0
354.73,4,309,9,0,1,0,1
1147.5,0,435,4,0,0,1,0
245.8,3,906,0,0,0,1,1
410.32,1,1951,0,0,1,0,0
462.66,1,1199,11,0,1,0,0
773.05,3,838,8,0,1,0,1
1425.43,0,639,4,0,0,1,0
52.73,1,440,4,0,0,1,0
143.26,3,285,21,0,1,0,0
297.39,2,1738,21,0,1,0,0
62.91,3,551,5,0,1,0,1
160.81,2,432,23,0,0,1,1
715.5,1,2759,6,1,0,0,0
223.8,2,358,12,0,1,0,0
202.81,0,772,4,1,0,0,1
254.07,2,2780,16,0,1,0,0
346.82,4,582,0,0,0,1,1
330.91,1,1276,8,1,0,0,0
677.01,1,370,13,0,1,0,0
1389.13,3,604,9,1,0,0,0
241.25,1,19,8,0,0,1,1
402.77,3,608,0,1,0,0,1
359.17,2,394,19,0,0,1,0
208.32,2,730,10,0,1,0,0
642.97,1,300,5,1,0,0,0
167.74,3,35,5,0,1,0,0
718.7,2,699,18,0,0,1,0
403.82,2,134,11,1,0,0,1
410.67,3,618,3,1,0,0,1
191.77,1,601,20,0,0,1,0
140.41,4,1233,11,0,1,0,1
534.96,2,469,8,0,1,0,0
217.15,1,469,5,0,0,1,0
177.44,0,13,20,0,1,0,0
510.62,2,548,2,0,1,0,0
333.36,2,1280,6,0,1,0,1
96.35,1,1803,5,0,0,1,0
849.51,1,133,19,0,0,1,0
703.81,3,311,3,0,1,0,0
81.17,4,154,14,0,0,1,1
201.26,1,121,8,1,0,0,1
1139.25,0,504,7,1,0,0,0
228.39,1,889,9,1,0,0,1
434.63,4,129,2,1,0,0,0
624.89,0,809,7,1,0,0,0
506.04,2,327,12,0,1,0,0
511.21,2,411,22,0,1,0,0
202.12,2,94,19,1,0,0,0
1013.71,2,373,10,0,0,1,0
1246.04,4,1199,17,0,0,1,1
446.25,1,380,4,0,0,1,0
363.51,1,58,6,0,1,0,0
200.09,0,1656,22,0,0,1,0
54.63,3,1731,8,0,0,1,0
1109.8,1,224,15,0,1,0,1
394.82,1,132,4,0,0,1,1
506.94,4,907,15,0,0,1,0
427.97,4,724,16,0,1,0,1
464.75,2,2771,2,1,0,0,0
101.04,4,436,3,0,1,0,0
360.32,4,505,17,1,0,0,1
185.66,2,67,3,0,0,1,0
497.76,4,67,13,1,0,0,0
953.07,4,328,13,0,0,1,0
331.0,3,1785,8,0,1,0,1
258.88,4,6,13,0,0,1,1
428.66,4,297,2,1,0,0,1
372.66,4,592,4,0,0,1,0
64.04,3,1398,17,0,0,1,0
582.99,0,2246,20,1,0,0,0
178.55,4,631,22,0,1,0,0
49.94,1,2092,1,1,0,0,0
163.0,4,144,2,0,1,0,0
219.41,4,89,13,0,1,0,0
377.77,3,40,6,1,0,0,0
842.3,4,1087,17,1,0,0,1
109.27,1,854,4,0,1,0,0
117.12,1,843,9,1,0,0,0
402.3,3,448,13,1,0,0,0
117.39,0,207,10,0,1,0,0
201.01,3,1299,7,0,1,0,0
103.3,2,1254,1,0,1,0,0
263.76,2,382,7,1,0,0,1
265.22,0,1807,6,1,0,0,1
469.86,4,233,2,0,1,0,0
1175.3,3,940,22,1,0,0,0
111.48,1,4382,17,0,0,1,0
476.42,2,635,20,0,1,0,0
401.78,4,1740,16,0,1,0,0
766.49,3,307,3,1,0,0,0
440.42,3,2856,7,0,1,0,0
619.28,3,1016,7,1,0,0,0
1213.66,4,289,5,0,0,1,0
881.11,3,485,19,1,0,0,1
859.18,2,130,0,0,0,1,0
146.51,3,494,7,0,0,1,0
341.27,0,1336,16,0,1,0,1
105.76,1,1721,5,1,0,0,0
85.67,2,1331,11,1,0,0,0
57.31,1,213,18,0,1,0,0
598.24,2,915,23,0,1,0,0
410.83,0,467,2,0,0,1,0
601.04,2,277,15,1,0,0,0
54.78,1,94,6,1,0,0,1
195.12,4,1754,15,0,0,1,0
228.52,0,110,9,1,0,0,1
165.59,1,1762,22,0,1,0,0
317.53,0,136,23,0,1,0,0
372.87,2,255,19,1,0,0,0
205.24,2,697,14,0,1,0,0
377.6,1,349,11,1,0,0,0
836.84,4,1534,6,0,1,0,0
301.07,2,89,20,0,1,0,0
321.36,2,1022,0,0,0,1,0
233.03,2,3713,19,0,1,0,0
491.89,4,835,8,1,0,0,1
997.44,4,270,3,0,0,1,0
153.39,1,1157,11,1,0,0,0
329.7,1,333,6,1,0,0,0
259.55,0,916,17,0,0,1,0
953.37,4,1551,6,0,1,0,1
305.91,1,943,20,1,0,0,0
588.27,3,1149,9,1,0,0,1
396.12,4,308,18,0,0,1,1
715.47,3,339,12,0,0,1,0
481.11,2,121,11,0,0,1,0
283.12,0,163,10,0,0,1,0
578.74,2,996,4,1,0,0,0
274.84,4,166,19,0,0,1,0
415.07,4,257,8,0,1,0,1
268.38,3,745,16,1,0,0,1
682.26,1,436,17,0,1,0,0
134.48,1,1182,18,1,0,0,1
346.25,4,249,22,1,0,0,1
619.5,3,656,10,1,0,0,0
282.35,3,112,4,1,0,0,0
104.66,1,265,21,1,0,0,0
343.44,0,181,20,0,0,1,0
380.76,0,305,13,0,0,1,0
250.59,4,2,20,0,1,0,1
187.95,0,2332,11,0,1,0,0
531.35,4,300,2,0,1,0,1
160.43,0,264,7,1,0,0,0
178.72,0,367,13,0,1,0,0
471.24,0,736,6,0,1,0,0
559.09,1,1214,4,1,0,0,0
282.44,3,709,22,0,1,0,0
584.09,0,4663,0,0,0,1,0
255.51,2,436,16,0,1,0,1
367.07,4,449,13,0,1,0,1
133.28,3,1179,23,0,0,1,0
51.41,1,1243,5,1,0,0,0
269.21,1,33,15,0,1,0,0
251.65,0,525,0,0,1,0,0
230.7,4,678,22,1,0,0,0
534.8,0,1580,8,0,1,0,0
168.99,2,310,21,1,0,0,0
597.85,1,78,21,0,1,0,0
460.61,2,311,8,0,1,0,0
174.04,3,100,3,1,0,0,1
510.69,0,283,6,1,0,0,0
851.86,2,420,12,1,0,0,1
653.51,3,873,10,0,1,0,0
571.81,3,1378,20,0,0,1,0
626.65,1,442,21,0,1,0,0
811.46,0,599,4,1,0,0,0
1021.58,3,761,10,0,1,0,0
224.73,2,592,12,0,0,1,0
622.82,4,42,11,0,1,0,1
496.63,3,1386,15,0,0,1,1
203.48,4,1578,0,1,0,0,1
527.15,1,337,23,0,0,1,0
200.57,3,1338,18,0,0,1,1
889.65,1,157,6,1,0,0,1
494.45,2,506,22,1,0,0,0
647.22,1,1614,10,0,1,0,0
251.35,1,287,23,0,1,0,0
787.79,4,449,7,0,0,1,1
343.0,0,690,21,0,0,1,0
77.29,3,366,9,0,0,1,0
350.3,4,111,8,1,0,0,0
209.63,1,447,14,0,0,1,0
580.23,3,115,11,0,0,1,0
344.56,1,499,0,0,0,1,1
492.04,2,511,14,0,1,0,0
128.92,2,1560,18,1,0,0,0
842.64,2,370,19,0,1,0,0
522.83,3,191,18,1,0,0,0
861.46,0,288,16,0,1,0,0
556.64,4,1184,10,0,1,0,0
211.98,0,1360,20,1,0,0,0
131.84,1,76,23,0,1,0,0
226.24,0,2808,7,0,0,1,0
287.56,3,20,12,1,0,0,1
412.4,0,127,23,1,0,0,1
85.58,1,598,9,0,1,0,1
210.18,1,37,6,1,0,0,0
220.37,3,792,4,1,0,0,1
123.34,2,765,13,0,1,0,0
126.11,4,290,23,0,1,0,0
31.08,1,452,11,0,1,0,0
249.38,1,975,2,0,0,1,1
145.94,2,587,14,0,0,1,0
701.12,3,2611,19,0,1,0,1
117.42,2,247,16,0,0,1,1
308.14,2,2411,18,0,0,1,1
275.03,3,881,21,0,0,1,0
782.62,4,188,3,1,0,0,0
466.23,3,1003,2,0,1,0,0
130.9,0,938,11,0,1,0,0
198.12,1,5426,1,0,1,0,1
406.89,0,3261,23,0,0,1,0
523.05,1,421,17,0,0,1,0
306.12,1,221,3,0,1,0,1
819.68,3,19,10,0,0,1,1
241.09,1,241,12,1,0,0,1
172.08,3,3666,4,0,0,1,1
444.42,1,1663,6,0,1,0,0
343.48,3,122,14,0,1,0,0
290.52,2,679,2,1,0,0,0
580.9,0,816,18,0,0,1,0
273.1,0,2044,12,1,0,0,0
221.74,0,365,2,0,1,0,0
628.6,2,1092,22,1,0,0,0
219.45,3,117,6,0,0,1,0
35.38,4,382,14,1,0,0,0
190.78,2,2513,0,1,0,0,0
413.44,1,2001,9,0,1,0,0
283.76,4,2637,14,0,0,1,0
999.52,1,17,19,0,1,0,0
24.49,1,1448,10,0,1,0,0
405.64,0,220,3,1,0,0,0
312.57,2,222,13,0,1,0,0
384.05,1,290,23,1,0,0,0
582.87,2,1823,9,0,0,1,0
1324.86,0,410,21,0,1,0,0
64.63,4,541,20,0,0,1,0
1010.3,0,714,22,0,1,0,0
418.64,3,678,22,0,1,0,1
584.72,1,2062,20,0,1,0,0
95.7,4,539,7,1,0,0,1
747.79,3,18,6,0,1,0,0
436.2,2,871,6,0,1,0,1
389.21,1,1576,14,0,0,1,0
506.07,1,353,5,1,0,0,0
212.25,0,1679,16,1,0,0,0
77.26,1,411,23,1,0,0,0
370.22,2,73,11,1,0,0,0
352.88,2,2375,18,0,1,0,0
378.62,4,486,15,0,0,1,1
414.84,1,164,15,0,1,0,0
437.4,0,162,12,0,0,1,1
110.46,4,199,6,0,1,0,0
118.64,2,616,10,1,0,0,0
313.25,3,718,9,0,1,0,0
415.5,2,570,9,0,1,0,0
93.52,3,452,14,0,1,0,1
114.81,2,96,14,1,0,0,0
460.26,1,522,15,1,0,0,1
60.39,0,679,20,1,0,0,1
29.46,3,317,19,0,1,0,1
82.04,4,82,17,1,0,0,0
648.66,2,855,3,0,1,0,0
929.19,2,1086,19,0,0,1,0
1033.24,2,163,12,1,0,0,0
531.58,3,22,1,0,1,0,1
115.47,3,1268,19,0,0,1,0
199.07,1,2253,8,0,0,1,0
289.39,0,771,6,0,0,1,0
331.14,2,629,9,0,0,1,0
209.11,0,922,14,1,0,0,0
545.87,0,423,2,0,1,0,0
185.44,3,566,11,1,0,0,0
538.47,0,202,23,0,1,0,1
67.74,2,1454,14,0,0,1,0
687.76,3,184,7,0,1,0,0
253.29,3,831,8,1,0,0,1
275.43,0,58,13,0,0,1,0
83.44,3,285,2,1,0,0,1
768.77,1,996,21,1,0,0,0
533.15,3,16,0,0,1,0,0
617.79,0,496,10,0,1,0,0
1096.55,1,133,0,0,0,1,0
307.65,0,342,6,1,0,0,0
260.79,3,1366,6,0,1,0,0
159.43,0,188,14,1,0,0,0
349.44,3,1163,8,0,1,0,1
700.59,2,1268,7,0,0,1,0
277.29,3,236,18,1,0,0,1
268.5,2,1013,8,0,1,0,1
30.52,2,341,4,0,0,1,0
143.51,3,1362,1,0,0,1,1
237.78,0,228,17,0,0,1,0
326.99,4,1116,1,0,1,0,0
681.19,0,142,5,1,0,0,0
513.65,3,745,18,0,0,1,0
428.62,2,386,9,1,0,0,0
123.62,3,361,16,0,1,0,0
505.79,1,638,11,0,0,1,1
570.92,2,1325,16,1,0,0,0
432.88,1,440,1,0,0,1,0
392.91,2,20,18,0,0,1,0
427.67,3,496,23,0,1,0,0
371.52,2,315,9,1,0,0,0
256.17,1,1890,9,0,0,1,0
160.17,3,795,15,0,0,1,1
684.7,1,216,15,0,1,0,1
360.4,0,391,15,0,0,1,0
140.8,3,419,4,1,0,0,0
361.91,2,583,22,0,0,1,0
572.99,0,2222,13,0,0,1,1
486.13,3,158,17,1,0,0,0
199.67,1,3465,9,0,0,1,1
328.43,0,632,11,1,0,0,1
62.82,2,1242,4,0,0,1,0
273.43,0,880,11,1,0,0,0
1005.68,4,810,11,1,0,0,1
635.4,3,110,16,0,1,0,1
956.96,4,2979,11,0,1,0,1
612.92,4,766,12,1,0,0,0
402.25,0,1116,12,0,1,0,0
277.17,4,99,21,0,1,0,0
634.69,3,621,17,0,1,0,1
235.77,0,559,13,0,0,1,0
786.02,4,955,12,0,0,1,0
506.43,4,24,2,0,1,0,1
297.48,3,365,18,0,1,0,0
481.43,1,868,4,0,1,0,1
299.83,4,551,6,0,1,0,1
1028.7,2,1253,9,0,0,1,0
282.25,0,107,6,0,1,0,0
641.48,2,29,13,0,0,1,0
613.57,2,1420,8,0,0,1,0
109.77,3,1238,8,1,0,0,0
472.95,1,345,10,1,0,0,1
463.19,4,780,1,0,0,1,1
744.23,2,353,14,0,1,0,0
500.92,4,352,7,1,0,0,0
434.47,2,668,20,0,1,0,0
385.66,4,186,15,1,0,0,1
456.82,0,437,11,0,1,0,1
232.95,3,370,21,0,1,0,0
555.9,1,1167,1,1,0,0,0
251.44,4,890,9,0,1,0,1
152.35,1,683,4,0,0,1,0
603.05,3,129,10,0,0,1,0
440.71,0,1245,4,0,1,0,1
250.57,2,1867,12,1,0,0,0
286.67,4,730,13,1,0,0,0
29.69,2,433,0,0,0,1,1
824.18,0,278,13,1,0,0,0
658.77,2,156,15,1,0,0,0
144.55,1,47,6,0,1,0,0
975.11,3,1260,3,0,0,1,1
495.71,2,6,9,1,0,0,1
433.25,1,250,20,0,0,1,0
1073.34,2,374,1,0,0,1,0
90.97,2,1465,1,0,0,1,0
345.16,2,2067,6,0,0,1,0
55.62,0,69,14,0,1,0,0
195.61,2,1445,15,0,0,1,0
547.82,3,1758,17,0,1,0,0
454.95,4,1012,1,0,0,1,1
42.49,1,86,2,1,0,0,1
243.83,2,931,19,0,0,1,1
908.64,3,840,0,0,1,0,1
399.66,0,349,6,0,1,0,0
124.56,2,254,3,0,1,0,1
586.78,2,80,21,0,0,1,0
471.25,4,2923,9,1,0,0,0
181.18,1,1670,2,0,0,1,0
472.69,4,909,6,0,0,1,0
385.55,0,1063,5,1,0,0,0
434.2,1,18,3,0,1,0,1
409.02,4,30,13,1,0,0,0
300.76,1,1145,13,1,0,0,0
55.8,1,920,13,0,0,1,0
285.43,0,341,21,0,0,1,0
316.78,4,83,2,1,0,0,0
324.09,2,163,12,0,1,0,0
157.11,1,120,9,0,0,1,1
704.02,0,4064,11,0,0,1,1
339.57,3,2486,0,0,1,0,0
278.19,4,35,9,0,1,0,1
239.15,1,1592,0,1,0,0,1
293.16,0,418,21,0,0,1,0
127.22,3,2920,9,0,1,0,0
629.08,4,423,18,0,0,1,0
258.7,4,171,23,1,0,0,1
238.17,0,22,16,1,0,0,0
127.95,3,1375,21,0,0,1,1
140.82,1,2511,12,1,0,0,0
325.4,4,843,6,0,1,0,0
429.88,4,627,10,0,0,1,0
225.87,4,1897,7,1,0,0,0
215.77,1,1727,2,0,0,1,1
127.3,1,332,20,0,1,0,0
923.94,4,709,0,1,0,0,1
764.14,3,730,3,1,0,0,1
260.42,4,520,9,0,0,1,0
392.11,2,759,19,1,0,0,0
209.88,1,716,19,0,0,1,0
610.79,2,906,8,1,0,0,1
53.59,0,616,22,0,0,1,0
440.63,0,179,3,0,0,1,0
439.53,2,520,7,0,0,1,0
445.46,3,5587,6,0,0,1,0
194.47,2,447,11,0,1,0,1
111.3,2,22,5,1,0,0,0
323.19,0,65,1,1,0,0,1
125.66,1,394,10,0,1,0,0
220.14,0,1277,11,0,1,0,0
473.52,1,1570,9,0,1,0,0
516.3,1,1287,9,1,0,0,0
432.23,4,198,3,0,0,1,1
1020.35,0,625,5,0,0,1,0
552.17,3,333,0,0,1,0,0
355.63,1,571,15,0,0,1,0
740.44,4,757,2,1,0,0,1
234.34,3,482,11,0,0,1,0
174.94,4,156,8,1,0,0,0
741.69,0,620,3,0,1,0,0
390.19,2,1414,5,0,1,0,1
568.33,3,878,20,0,1,0,0
642.26,4,2868,18,1,0,0,1
520.42,1,130,18,0,0,1,0
293.91,0,3302,0,0,0,1,0
38.15,4,83,1,0,1,0,0
207.58,4,25,0,0,0,1,0
1735.99,2,2,2,1,0,0,1
175.29,3,311,0,0,1,0,1
824.12,2,75,10,0,1,0,0
309.63,2,172,2,0,1,0,0
117.07,1,160,6,0,1,0,0
132.81,2,672,17,0,0,1,0
75.29,0,191,3,0,1,0,1
526.28,4,197,22,0,1,0,1
584.58,2,161,21,0,1,0,0
43.21,4,716,23,0,0,1,0
407.61,3,538,4,0,0,1,1
415.49,1,1615,18,1,0,0,1
31.11,4,364,3,0,1,0,0
441.05,4,510,2,0,0,1,1
556.72,3,249,16,0,1,0,1
1055.88,1,284,15,1,0,0,0
568.39,2,157,1,0,0,1,0
684.9,3,770,14,0,1,0,0
48.8,0,673,2,0,0,1,1
642.38,4,484,20,1,0,0,0
39.48,4,62,1,1,0,0,1
40.15,2,390,18,0,0,1,0
492.97,1,4236,19,0,0,1,0
167.22,3,1128,13,0,0,1,1
610.21,0,138,3,1,0,0,1
320.88,3,2135,5,0,0,1,0
951.85,0,538,18,0,1,0,0
468.97,3,104,7,1,0,0,1
151.71,0,46,20,0,1,0,0
383.3,4,165,1,0,0,1,0
1193.63,0,36,11,0,1,0,1
672.81,3,1944,20,0,0,1,0
440.63,4,75,6,0,1,0,0
302.7,2,225,9,0,1,0,1
195.04,4,267,10,0,0,1,1
82.48,3,57,16,0,1,0,0
132.21,1,23,12,1,0,0,1
284.87,4,2328,23,0,0,1,1
193.44,0,1099,8,0,1,0,1
86.91,1,555,9,0,1,0,0
920.05,1,159,19,1,0,0,0
439.13,0,164,14,0,1,0,1
113.15,0,803,11,0,0,1,1
218.6,1,182,17,1,0,0,0
69.25,0,1730,2,0,1,0,0
59.74,0,41,9,0,0,1,0
68.7,3,452,14,0,1,0,1
111.08,0,496,17,1,0,0,0
873.57,0,945,4,1,0,0,0
507.49,0,455,5,1,0,0,0
240.78,4,137,5,0,0,1,0
373.92,2,904,16,1,0,0,1
376.77,3,1160,10,1,0,0,0
529.29,1,692,1,0,1,0,0
833.06,3,606,18,0,1,0,0
461.12,0,2498,1,1,0,0,1
557.09,1,929,15,0,0,1,0
560.7,0,793,9,1,0,0,0
542.04,1,61,19,0,1,0,0
410.08,3,509,10,0,1,0,1
509.95,3,535,20,0,1,0,0
320.57,1,191,14,0,0,1,0
633.64,0,52,20,0,1,0,0
353.22,3,480,10,1,0,0,0
340.23,3,644,12,0,0,1,1
376.48,2,430,7,1,0,0,1
61.17,1,313,16,0,1,0,0
25.65,0,432,0,0,0,1,1
664.68,0,1002,1,1,0,0,0
866.63,2,1628,14,0,1,0,0
847.29,2,2414,16,0,0,1,0
413.26,4,412,17,1,0,0,0
144.23,1,3317,3,1,0,0,0
608.13,3,413,20,0,0,1,0
178.27,1,2392,21,0,0,1,0
356.88,3,74,13,0,0,1,0
129.67,1,1789,21,1,0,0,0
406.55,4,86,21,1,0,0,1
437.39,1,705,18,0,1,0,0
136.57,0,551,4,0,1,0,1
443.42,1,3498,5,0,1,0,0
146.37,3,1022,13,0,1,0,0
387.53,3,3103,17,0,0,1,1
207.59,4,34,3,0,1,0,0
352.95,4,396,11,0,0,1,0
133.12,1,663,12,0,1,0,0
234.28,2,106,15,0,1,0,0
868.68,1,56,15,0,1,0,0
78.85,3,1337,10,0,0,1,0
60.1,3,466,13,0,0,1,1
537.73,1,734,3,0,0,1,0
95.11,2,191,12,0,0,1,0
127.88,2,1659,10,0,0,1,0
190.8,1,319,22,1,0,0,0
591.33,0,1254,0,0,0,1,0
161.97,3,1273,12,0,0,1,1
385.18,4,671,9,0,1,0,0
484.25,0,1587,6,0,0,1,1
376.0,2,121,21,0,1,0,0
66.54,0,362,15,1,0,0,0
742.28,2,178,4,0,0,1,0
164.89,4,90,13,0,0,1,0
194.02,2,1332,21,0,1,0,0
278.07,1,100,16,0,0,1,0
241.18,4,495,3,1,0,0,1
415.9,2,574,3,0,1,0,1
294.92,3,1041,16,0,0,1,0
527.9,0,445,7,0,1,0,1
340.62,4,191,17,1,0,0,0
655.73,3,368,2,0,1,0,1
305.97,0,1516,13,1,0,0,0
365.67,0,624,7,0,0,1,0
157.74,2,685,8,1,0,0,0
324.26,0,2994,18,0,0,1,1
1459.73,3,656,21,0,1,0,1
538.02,3,789,13,0,0,1,1
191.06,0,1621,11,0,1,0,0
883.89,2,366,16,0,0,1,0
105.67,1,1270,10,0,0,1,0
290.85,1,244,4,0,0,1,0
315.36,1,663,13,0,1,0,0
291.19,3,1242,22,0,0,1,1
161.84,2,337,22,0,0,1,0
56.23,3,1710,0,0,1,0,1
226.36,4,2271,0,0,1,0,1
861.08,0,881,20,0,1,0,0
178.63,1,121,4,0,0,1,0
214.84,1,418,13,1,0,0,0
184.72,4,499,7,0,1,0,0
707.18,4,482,18,0,0,1,0
663.03,1,2158,12,1,0,0,0
487.73,0,529,1,0,1,0,0
424.2,4,873,14,1,0,0,0
465.68,4,79,10,0,0,1,1
71.22,2,1085,19,1,0,0,0
384.55,3,3287,10,1,0,0,0
251.95,0,1213,16,0,1,0,0
290.21,2,1374,1,0,1,0,0
117.18,0,1402,11,0,1,0,1
151.95,1,281,8,0,1,0,0
410.9,2,2811,19,0,1,0,0
134.96,1,55,12,1,0,0,0
272.4,3,882,21,0,1,0,1
401.6,3,256,10,1,0,0,0
208.3,4,555,16,1,0,0,0
314.35,0,22,4,0,0,1,1
1424.78,0,150,22,1,0,0,1
66.52,0,287,5,1,0,0,0
1125.47,1,1194,19,1,0,0,0
292.59,2,263,22,1,0,0,0
328.96,0,525,11,1,0,0,1
358.88,1,33,19,0,1,0,0
477.83,0,2122,20,0,1,0,0
476.98,4,610,14,0,1,0,0
266.62,4,1780,12,0,0,1,0
544.29,3,327,13,1,0,0,1
173.71,4,206,14,0,0,1,0
352.37,1,380,20,0,0,1,1
548.3,3,1479,20,1,0,0,0
389.22,2,1096,23,0,0,1,0
461.37,1,1964,1,0,1,0,1
620.11,3,533,4,0,1,0,1
493.27,3,521,8,0,1,0,0
76.39,1,118,3,0,1,0,1
141.06,2,12,14,1,0,0,1
245.55,3,972,10,0,1,0,0
193.78,2,908,12,0,0,1,0
234.77,3,2092,4,0,1,0,0
508.27,0,513,16,0,1,0,0
67.52,3,1228,8,0,0,1,0
706.61,1,1147,14,0,0,1,0
366.6,4,86,16,0,0,1,1
161.07,1,909,4,0,0,1,0
116.44,4,39,10,0,0,1,1
82.15,4,716,16,0,1,0,0
727.96,4,590,23,0,1,0,1
264.8,4,655,3,0,1,0,0
470.56,4,508,11,0,0,1,1
512.52,2,1338,23,0,1,0,0
172.29,1,562,22,1,0,0,0
256.13,0,681,14,0,1,0,0
24.31,1,271,22,0,0,1,0
130.9,3,1246,14,0,1,0,0
102.3,4,292,5,1,0,0,0
406.41,1,410,2,0,1,0,0
388.65,1,2065,9,0,0,1,0
777.18,3,128,5,1,0,0,1
249.18,2,648,16,1,0,0,0
340.17,0,1283,17,1,0,0,0
721.7,3,310,14,0,1,0,1
518.39,0,174,4,0,0,1,0
380.2,1,20,22,0,0,1,0
99.35,0,264,0,0,0,1,0
804.97,0,240,23,0,0,1,1
412.29,0,7,15,1,0,0,0
263.83,0,242,4,0,0,1,0
704.69,2,1808,5,0,1,0,0
474.27,2,1631,23,1,0,0,1
379.93,0,340,12,0,1,0,1
481.88,1,1028,6,0,1,0,0
584.94,4,215,10,0,1,0,0
625.89,1,69,9,0,1,0,0
678.99,1,231,4,0,1,0,0
671.76,3,1832,16,0,0,1,0
676.32,3,104,19,1,0,0,1
190.25,3,1705,22,0,1,0,1
788.97,1,403,13,0,1,0,0
109.83,1,704,10,0,1,0,0
307.62,0,337,16,0,0,1,0
56.37,2,15,7,0,1,0,0
678.54,1,873,21,0,1,0,1
977.46,3,115,3,0,0,1,1
141.83,4,207,20,0,1,0,1
322.89,4,114,1,0,0,1,1
467.82,2,568,22,0,0,1,0
897.61,2,859,16,1,0,0,0
189.99,0,377,18,0,1,0,1
580.58,0,23,4,0,0,1,1
491.05,1,2141,16,0,0,1,0
229.8,3,125,23,0,1,0,1
601.12,3,481,5,0,1,0,1
972.57,3,1382,6,0,1,0,1
130.83,4,235,11,0,0,1,1
795.37,1,1094,21,0,1,0,0
237.24,1,239,22,1,0,0,0
425.49,4,287,9,0,0,1,1
77.34,2,193,18,0,1,0,0
217.59,1,1578,19,0,1,0,1
949.85,4,262,4,1,0,0,1
36.57,4,316,1,1,0,0,0
196.49,1,64,0,0,1,0,1
992.86,0,1401,13,0,0,1,0
299.13,2,49,9,1,0,0,0
284.47,2,1004,8,0,0,1,0
62.35,3,320,19,0,1,0,0
719.59,2,1496,18,0,0,1,0
1129.6,1,1528,8,1,0,0,0
222.16,2,24,17,0,0,1,0
288.33,2,722,15,0,1,0,0
169.23,4,1234,16,0,1,0,1
270.77,2,62,18,1,0,0,0
543.54,3,106,21,0,0,1,1
603.87,0,433,20,1,0,0,0
624.19,1,238,17,0,0,1,0
329.51,4,81,13,0,0,1,1
591.25,0,1600,7,0,0,1,0
803.22,0,330,8,0,1,0,0
308.55,0,254,6,0,0,1,0
70.61,4,595,1,0,0,1,0
306.96,2,545,15,0,1,0,1
283.0,4,1482,19,1,0,0,0
301.02,2,1069,5,0,0,1,0
857.7,1,415,13,0,0,1,0
514.08,3,1726,20,0,0,1,1
318.21,3,203,23,0,1,0,0
229.37,4,225,17,1,0,0,0
376.56,1,372,1,0,0,1,0
430.45,1,1478,9,0,1,0,1
425.46,0,411,5,0,1,0,0
191.61,1,966,2,1,0,0,1
267.04,0,1516,10,0,1,0,0
162.8,2,71,15,1,0,0,0
647.06,0,130,9,0,0,1,0
267.5,4,2879,16,1,0,0,1
730.94,3,286,1,0,0,1,1
451.12,4,198,0,1,0,0,0
662.46,1,504,23,0,1,0,0
728.95,1,1009,17,0,0,1,0
586.27,4,1143,4,1,0,0,1
562.52,2,79,19,0,1,0,0
265.05,2,93,11,1,0,0,0
340.07,1,456,15,1,0,0,0
350.19,1,788,16,0,1,0,0
200.77,1,741,17,1,0,0,0
62.99,0,1061,5,0,1,0,0
497.42,2,117,11,0,0,1,0
1238.52,1,138,23,0,1,0,0
286.85,4,48,18,0,1,0,1
345.13,0,242,15,0,0,1,1
56.36,3,573,22,0,0,1,0
273.99,0,128,22,1,0,0,0
255.61,3,1089,6,0,0,1,0
849.9,0,384,16,0,1,0,1
182.64,4,1428,17,0,1,0,0
228.83,2,255,18,1,0,0,1
10.01,4,74,3,0,1,0,0
318.73,0,163,15,0,1,0,1
1364.49,0,308,9,0,0,1,0
326.69,1,183,21,0,0,1,0
530.21,1,1555,7,0,1,0,1
117.91,3,598,12,1,0,0,1
607.3,4,381,6,0,0,1,0
138.68,1,294,4,0,0,1,0
986.57,1,215,5,0,1,0,1
162.22,0,289,5,1,0,0,0
36.35,3,449,6,0,1,0,1
476.19,0,92,19,0,1,0,0
882.08,0,377,17,0,0,1,0
416.2,0,156,2,0,0,1,1
306.67,2,830,9,0,1,0,0
139.84,2,400,3,0,1,0,0
170.48,2,207,14,0,1,0,0
328.3,4,20,18,0,0,1,0
164.02,2,2756,19,1,0,0,0
755.35,1,281,2,0,0,1,0
129.99,2,390,18,0,1,0,0
165.5,0,175,0,0,0,1,1
320.73,4,268,23,0,0,1,1
527.54,2,1475,13,0,0,1,0
104.24,3,402,6,0,1,0,0
328.53,4,47,7,0,0,1,0
1219.37,1,956,2,1,0,0,0
255.35,3,2557,12,0,0,1,1
25.95,3,185,13,0,0,1,0
317.32,1,868,20,0,1,0,0
900.0,4,732,8,0,1,0,0
361.99,4,116,4,1,0,0,1
179.9,2,771,22,1,0,0,0
234.14,3,398,22,0,1,0,0
338.76,3,307,22,1,0,0,0
292.8,2,2606,1,1,0,0,0
453.26,1,377,12,0,0,1,0
204.36,3,758,6,0,0,1,1
129.1,4,843,2,0,0,1,1
283.73,3,1108,22,1,0,0,1
368.19,3,995,10,1,0,0,1
161.63,3,132,10,1,0,0,1
39.3,4,39,7,1,0,0,0
462.19,3,738,21,1,0,0,1
386.46,4,447,10,0,1,0,0
661.65,0,635,8,0,0,1,0
136.2,2,816,22,0,0,1,0
344.29,1,1187,7,0,1,0,0
333.29,4,911,18,0,0,1,0
282.21,4,333,14,1,0,0,0
344.79,1,1373,23,0,0,1,1
758.08,3,1167,8,0,1,0,1
702.68,4,372,22,1,0,0,1
495.67,4,2785,1,0,1,0,1
444.77,3,151,7,0,0,1,0
804.32,4,797,12,0,0,1,0
183.64,4,1933,20,0,0,1,1
784.67,2,72,8,0,1,0,0
293.53,0,2644,1,1,0,0,0
238.16,3,183,21,1,0,0,0
345.84,1,849,14,0,0,1,0
173.88,3,48,10,0,1,0,1
160.94,4,384,3,0,0,1,0
204.51,4,1452,15,0,0,1,1
835.22,1,563,15,0,1,0,1
196.68,3,1343,18,0,1,0,0
350.47,3,6,11,0,0,1,1
185.48,1,1222,9,1,0,0,0
454.0,3,686,11,1,0,0,0
266.2,4,116,5,1,0,0,1
633.67,0,357,4,0,1,0,0
664.58,4,597,3,0,0,1,0
144.54,2,241,15,1,0,0,0
107.7,1,1193,15,1,0,0,0
112.41,0,125,14,0,1,0,0
291.93,2,178,13,1,0,0,0
126.17,0,110,23,0,1,0,0
226.95,2,132,17,0,1,0,1
44.7,4,395,3,0,0,1,0
87.68,2,181,3,0,1,0,0
99.76,4,97,0,0,0,1,0
243.97,3,3,8,0,0,1,1
848.78,2,448,2,0,1,0,1
1013.36,3,489,23,0,1,0,0
79.01,4,284,15,1,0,0,0
771.25,1,763,10,1,0,0,0
53.1,0,513,19,0,0,1,0
1721.5,3,400,12,0,0,1,0
77.44,4,149,17,0,1,0,1
2047.0,0,1889,9,0,0,1,1
686.01,4,1554,23,1,0,0,0
686.18,1,756,14,0,0,1,0
178.47,3,659,7,1,0,0,1
776.59,4,253,1,0,0,1,1
195.65,3,1405,16,0,1,0,0
94.88,2,1389,18,0,1,0,0
292.49,2,392,4,0,1,0,0
243.68,1,1411,2,0,0,1,0
487.66,4,280,11,0,0,1,1
155.17,3,1287,7,1,0,0,0
237.55,0,226,3,1,0,0,0
577.88,0,629,9,0,0,1,0
854.1,2,834,4,0,0,1,1
674.02,0,359,5,1,0,0,0
280.54,1,1601,14,0,1,0,0
862.31,1,627,6,0,0,1,0
704.7,4,18,2,0,0,1,1
195.95,0,678,5,0,1,0,0
299.09,2,1092,22,1,0,0,0
547.88,1,283,9,1,0,0,1
669.08,0,187,8,0,0,1,0
401.84,4,2149,11,0,1,0,1
150.68,3,494,23,0,0,1,1
220.54,1,978,0,0,0,1,0
345.14,1,12,9,0,1,0,0
1298.57,0,363,7,1,0,0,0
621.26,1,657,15,1,0,0,0
148.68,4,1506,1,0,1,0,1
32.82,4,288,3,0,1,0,0
434.84,4,3856,22,0,1,0,1
125.12,1,278,22,0,0,1,1
262.95,4,143,17,0,0,1,0
216.81,2,515,19,1,0,0,0
821.28,4,272,17,0,1,0,1
398.58,4,200,3,0,0,1,0
364.64,2,910,9,0,1,0,1
344.6,0,452,1,0,0,1,0
72.54,4,848,7,0,0,1,0
114.05,4,46,0,1,0,0,1
374.21,1,545,5,1,0,0,0
344.66,4,1490,8,0,1,0,1
797.64,0,544,0,0,1,0,0
191.72,4,1167,4,0,1,0,1
100.85,4,449,5,1,0,0,1
414.44,4,948,17,0,0,1,0
141.8,1,27,14,1,0,0,1
873.07,4,28,11,0,0,1,1
610.32,1,1124,16,0,1,0,0
253.75,3,863,14,0,0,1,1
161.7,2,1570,14,0,0,1,0
339.85,0,760,22,0,0,1,1
377.92,3,306,23,1,0,0,1
250.25,4,956,7,1,0,0,1
178.37,1,76,6,1,0,0,0
461.01,0,475,2,0,1,0,0
187.89,2,254,22,1,0,0,0
154.98,2,7,2,0,0,1,1
806.47,2,2828,9,1,0,0,1
319.87,0,717,1,0,1,0,0
82.87,3,547,2,1,0,0,0
180.78,3,888,11,0,1,0,0
800.6,4,248,12,1,0,0,1
397.95,4,1403,10,1,0,0,0
356.28,1,46,20,0,0,1,1
376.64,1,493,19,0,1,0,0
460.13,0,261,16,1,0,0,1
797.28,0,232,13,1,0,0,0
483.39,1,1024,2,0,1,0,0
547.13,1,583,18,1,0,0,0
369.19,2,107,4,0,0,1,0
107.84,1,326,19,0,0,1,0
304.01,3,896,17,1,0,0,1
288.76,2,2006,12,0,0,1,0
436.79,3,1281,1,1,0,0,1
695.35,2,389,5,0,1,0,0
161.72,1,975,21,0,1,0,1
687.79,4,108,10,1,0,0,0
1095.97,1,484,16,0,1,0,0
917.2,4,285,9,0,0,1,0
595.64,1,105,1,1,0,0,0
443.79,1,356,3,0,0,1,0
422.99,3,382,9,0,0,1,0
404.26,0,794,13,0,1,0,1
259.94,0,3524,7,0,1,0,0
636.07,1,1088,3,0,1,0,0
523.29,1,377,12,0,0,1,0
204.77,4,115,18,0,1,0,0
730.61,3,330,2,0,0,1,1
348.49,2,1138,13,0,1,0,0
802.23,1,1451,0,0,0,1,0
659.61,2,72,1,0,0,1,0
84.12,2,527,5,1,0,0,0
256.22,3,162,4,0,1,0,1
253.48,3,217,9,0,0,1,1
591.73,0,3272,4,1,0,0,1
217.01,2,2851,19,1,0,0,0
654.25,4,1870,21,1,0,0,0
924.04,4,621,14,0,1,0,0
291.02,4,188,16,0,1,0,1
434.29,0,349,23,0,0,1,0
463.44,0,135,10,0,1,0,0
399.3,0,564,9,1,0,0,0
411.48,1,804,2,0,1,0,1
580.95,2,1227,17,0,0,1,0
192.69,0,273,16,0,0,1,0
1202.94,4,1617,8,1,0,0,0
211.38,2,570,15,1,0,0,0
145.95,2,5148,23,1,0,0,1
66.52,1,715,13,0,1,0,0
479.11,3,2325,8,1,0,0,1
256.24,4,831,5,1,0,0,1
1044.91,1,549,21,1,0,0,0
594.76,4,1086,19,0,0,1,1
1068.46,2,31,0,1,0,0,0
553.86,4,793,8,1,0,0,0
323.93,3,170,12,1,0,0,1
418.57,2,1196,16,0,0,1,0
700.0,4,195,8,1,0,0,0
144.09,4,259,4,0,0,1,1
39.74,4,1850,16,0,0,1,0
381.14,0,630,11,0,1,0,0
566.43,0,1326,13,1,0,0,0
704.52,0,20,17,0,1,0,0
160.87,0,2621,3,0,1,0,1
191.53,3,269,23,0,0,1,0
625.35,3,1564,22,0,1,0,1
230.26,3,1829,21,0,1,0,0
321.41,0,863,20,0,1,0,0
489.03,3,1181,13,0,1,0,0
197.72,3,1129,20,0,0,1,0
492.43,3,70,14,0,0,1,1
370.69,0,127,0,0,1,0,0
445.97,2,36,20,0,0,1,0
1146.83,2,686,0,0,0,1,1
114.61,1,1106,11,0,1,0,0
904.72,2,3157,17,1,0,0,0
162.93,0,92,12,0,0,1,0
341.46,1,886,22,0,0,1,0
91.27,0,1979,16,0,1,0,0
592.31,4,505,13,1,0,0,1
325.66,4,1496,6,0,0,1,1
1467.0,0,1776,13,0,1,0,0
532.48,1,680,3,1,0,0,0
234.33,4,1124,23,0,0,1,0
760.92,1,270,5,0,1,0,0
184.26,2,297,9,1,0,0,0
188.28,0,1406,14,0,0,1,0
271.34,3,492,3,0,1,0,0
321.47,0,21,14,0,0,1,0
14.3,4,236,6,0,1,0,0
513.4,0,182,9,0,0,1,0
364.3,0,1045,19,1,0,0,0
505.82,2,328,13,0,0,1,1
1353.82,2,17,19,0,0,1,0
830.75,3,130,17,0,1,0,1
247.88,2,319,10,0,1,0,0
647.32,3,21,11,1,0,0,1
208.56,3,248,7,1,0,0,1
636.2,3,1273,14,0,1,0,0
289.07,3,269,12,0,0,1,1
744.16,4,67,16,0,0,1,1
322.0,4,302,10,1,0,0,0
235.48,0,1232,0,0,1,0,0
664.71,4,870,19,1,0,0,1
593.29,3,793,0,0,1,0,0
289.76,0,50,15,0,0,1,1
79.96,3,187,17,0,1,0,1
335.12,4,30,13,1,0,0,1
246.47,2,3104,0,0,1,0,1
174.57,2,3,17,0,1,0,1
267.2,0,1021,11,0,1,0,0
166.0,0,263,12,0,1,0,0
81.34,1,634,6,1,0,0,0
147.79,1,1751,23,1,0,0,0
564.45,0,1467,5,0,0,1,0
411.08,3,849,19,1,0,0,0
478.73,0,134,8,1,0,0,0
119.22,1,1854,19,0,0,1,0
632.65,1,464,2,0,0,1,0
304.28,3,599,16,1,0,0,0
1083.96,1,354,19,0,1,0,0
313.32,3,1178,20,0,0,1,1
203.5,2,982,10,0,1,0,0
548.94,2,88,16,1,0,0,0
35.5,0,309,7,0,1,0,0
345.85,4,192,14,0,0,1,0
361.39,3,191,19,0,1,0,0
210.27,0,77,3,1,0,0,1
748.07,3,128,15,0,0,1,0
588.72,1,1329,8,0,0,1,0
174.1,1,933,4,1,0,0,0
49.09,1,2949,16,0,0,1,0
355.08,4,1515,23,0,0,1,0
188.02,1,903,9,0,0,1,1
518.78,4,687,17,0,1,0,0
510.29,2,767,14,0,1,0,1
95.67,4,11,9,0,0,1,1
490.67,2,761,7,0,0,1,1
109.57,4,2466,0,0,1,0,0
163.4,0,272,10,1,0,0,1
415.23,4,77,4,0,0,1,0
199.38,0,346,8,0,1,0,0
426.88,1,511,1,1,0,0,0
201.01,1,807,17,0,0,1,0
618.34,2,207,18,0,1,0,0
239.16,2,869,16,0,1,0,0
421.39,3,1787,10,1,0,0,0
130.02,2,96,14,0,0,1,0
155.51,4,700,20,0,0,1,0
246.11,3,1492,3,0,0,1,1
277.32,1,3250,2,0,1,0,1
312.11,3,800,22,0,1,0,0
917.2,2,1703,18,0,1,0,0
477.51,4,1112,21,0,1,0,1
432.85,0,981,16,0,1,0,0
225.31,1,134,23,0,0,1,0
432.45,4,956,6,0,1,0,0
1419.05,4,1583,14,0,1,0,1
248.15,4,144,19,0,0,1,0
530.8,3,746,8,1,0,0,0
868.94,0,283,9,0,0,1,1
111.27,0,533,20,0,0,1,0
658.67,3,414,19,0,0,1,0
726.51,1,133,17,0,1,0,0
79.11,2,1365,8,0,0,1,1
677.38,0,731,10,0,1,0,0
958.64,1,1387,0,0,0,1,0
805.42,4,547,23,0,0,1,1
283.06,0,117,0,1,0,0,0
1119.29,4,1153,2,0,0,1,1
135.39,3,89,4,0,1,0,1
346.7,4,339,20,1,0,0,0
112.4,2,718,14,1,0,0,1
625.32,0,1416,4,0,0,1,0
97.36,0,183,21,0,1,0,0
474.12,1,51,1,0,1,0,1
563.96,3,2002,7,1,0,0,1
222.19,2,72,2,0,0,1,1
358.57,1,588,7,0,1,0,0
276.59,4,24,17,0,0,1,0
740.25,2,7,15,0,0,1,1
404.78,1,446,6,0,1,0,0
742.76,1,1000,1,0,0,1,1
129.89,1,547,14,1,0,0,0
576.13,1,161,10,0,0,1,0
305.01,0,1580,1,0,1,0,0
86.35,1,470,22,0,1,0,0
1061.54,3,1013,20,0,0,1,0
863.59,3,49,14,0,1,0,0
88.67,2,3418,8,0,1,0,0
648.02,3,53,8,0,1,0,0
105.68,2,70,8,1,0,0,1
349.17,4,1467,3,0,0,1,0
871.92,3,189,0,1,0,0,0
886.49,4,99,23,0,0,1,0
124.65,2,226,13,0,1,0,0
165.1,2,449,13,1,0,0,0
632.94,2,465,14,0,1,0,1
304.28,1,472,10,0,0,1,0
90.66,4,1011,3,0,0,1,1
328.26,2,354,4,1,0,0,1
285.77,1,1915,0,0,0,1,1
475.55,1,1764,16,0,1,0,0
608.77,3,880,15,0,0,1,1
193.19,1,1138,16,0,1,0,0
439.21,0,1,18,0,0,1,1
149.13,2,254,19,0,0,1,0
674.65,0,1319,11,1,0,0,1
112.08,2,223,20,0,1,0,1
21.55,4,362,2,0,1,0,1
344.74,0,96,9,1,0,0,0
242.25,4,723,4,0,0,1,0
382.85,2,232,0,1,0,0,1
1081.77,2,294,4,0,1,0,1
625.59,1,119,10,0,0,1,1
306.72,3,267,14,1,0,0,0
240.47,2,179,0,1,0,0,0
67.43,2,451,18,0,1,0,0
415.84,1,228,1,0,1,0,1
222.52,4,3915,10,0,1,0,0
118.36,1,789,7,1,0,0,0
260.3,2,325,1,0,0,1,0
427.69,3,140,16,1,0,0,0
753.67,3,623,16,0,1,0,0
293.88,0,1092,0,1,0,0,0
42.28,0,239,0,0,0,1,0
74.55,0,1147,8,0,1,0,1
307.42,2,541,11,0,0,1,0
450.76,0,371,15,0,0,1,0
488.21,2,1796,15,1,0,0,1
603.1,0,601,1,0,0,1,0
837.81,2,99,23,1,0,0,1
217.39,3,309,17,0,0,1,0
135.8,1,4368,5,0,0,1,0
185.39,3,215,15,0,0,1,0
488.1,0,139,14,1,0,0,0
51.25,3,804,21,0,0,1,0
523.09,0,397,14,0,1,0,0
507.35,4,1069,20,1,0,0,0
819.22,4,25,4,0,0,1,1
114.66,4,416,13,0,1,0,0
1066.82,0,916,11,0,1,0,0
533.48,2,641,15,0,0,1,0
476.13,2,2218,20,0,0,1,1
266.73,1,147,15,1,0,0,0
185.64,2,1595,1,1,0,0,1
403.77,1,2013,14,0,1,0,0
739.38,3,351,3,0,0,1,1
150.42,2,921,9,0,0,1,0
804.91,0,1111,9,0,1,0,0
156.57,4,45,17,0,0,1,0
435.25,2,36,16,1,0,0,0
166.5,1,1832,15,1,0,0,0
550.67,1,1609,19,1,0,0,1
322.6,1,618,3,0,1,0,1
995.59,3,124,13,0,1,0,0
349.43,2,1379,0,0,1,0,1
514.96,2,190,18,0,1,0,0
925.14,3,302,0,1,0,0,1
639.19,4,242,16,0,0,1,0
23.94,0,430,19,0,1,0,0
77.93,1,203,12,0,1,0,0
366.14,1,1206,15,0,0,1,0
673.47,4,716,8,0,1,0,0
520.64,2,1150,14,0,0,1,0
704.42,3,136,1,0,1,0,0
330.47,0,32,0,1,0,0,0
348.46,4,1551,7,1,0,0,0
455.95,1,873,10,0,1,0,0
348.48,3,69,16,1,0,0,1
339.95,4,662,23,0,0,1,1
131.64,0,131,20,1,0,0,0
438.67,2,1740,0,0,1,0,0
129.01,3,191,11,0,0,1,1
167.58,4,2453,13,1,0,0,0
1641.35,0,344,17,0,0,1,1
252.62,0,189,19,0,1,0,0
147.51,2,563,9,0,1,0,0
489.95,2,577,2,1,0,0,0
238.48,1,107,15,0,1,0,0
52.49,2,241,3,1,0,0,1
402.76,1,1010,4,0,1,0,1
725.27,4,202,1,0,1,0,0
582.82,4,566,15,0,0,1,1
883.96,4,646,0,0,0,1,0
199.2,3,571,13,0,1,0,1
1012.63,3,786,4,0,0,1,0
486.53,0,7,23,1,0,0,1
717.69,1,875,20,0,0,1,0
116.15,0,219,7,0,0,1,0
179.54,4,693,17,1,0,0,1
385.37,0,981,13,0,0,1,0
446.71,4,75,18,0,1,0,1
109.81,2,1334,18,1,0,0,0
334.76,3,807,8,0,0,1,1
310.36,4,65,17,1,0,0,0
394.81,3,51,20,0,0,1,1
391.59,1,1522,3,0,1,0,0
676.15,3,796,18,0,0,1,0
562.52,2,1183,15,1,0,0,0
198.29,1,2115,12,0,0,1,1
237.67,3,536,0,0,1,0,1
245.67,0,290,1,0,0,1,1
522.67,1,1753,5,0,0,1,0
156.24,2,989,23,0,0,1,0
401.76,1,715,20,1,0,0,0
311.33,0,859,15,0,1,0,0
429.68,2,823,17,1,0,0,0
689.48,3,593,10,0,0,1,0
63.46,1,88,16,1,0,0,0
335.48,0,297,3,0,1,0,1
599.32,0,404,22,0,1,0,0
233.79,2,446,19,0,1,0,1
609.13,1,1170,13,1,0,0,0
429.87,1,435,14,0,0,1,0
193.79,1,461,7,1,0,0,0
677.38,0,434,18,1,0,0,0
222.69,4,89,6,0,1,0,1
431.37,0,762,18,0,1,0,1
213.15,4,183,0,0,0,1,1
957.82,4,497,20,0,1,0,0
213.3,3,1293,1,1,0,0,1
711.37,3,186,9,0,0,1,0
414.49,0,684,22,1,0,0,0
101.27,1,191,8,1,0,0,0
261.26,1,1959,8,0,1,0,0
1613.96,1,119,0,0,0,1,0
397.46,1,1399,6,0,1,0,0
34.99,3,68,5,1,0,0,1
151.32,2,1,19,0,0,1,1
654.17,1,834,20,0,0,1,0
150.95,0,188,9,1,0,0,0
493.64,3,16,16,0,0,1,0
607.8,4,1286,16,0,0,1,1
330.42,2,131,14,0,1,0,0
514.66,2,361,14,0,0,1,0
150.84,3,468,3,1,0,0,1
373.71,0,399,3,0,1,0,0
153.83,4,2673,21,0,0,1,0
269.54,1,556,7,1,0,0,0
478.47,4,365,23,0,1,0,0
100.51,1,699,12,0,0,1,0
497.53,2,1439,10,0,1,0,1
441.82,3,1738,23,0,0,1,0
1241.51,0,659,7,1,0,0,0
280.83,1,1709,13,1,0,0,0
164.28,3,990,19,1,0,0,1
312.76,4,43,11,0,0,1,1
856.06,4,305,17,1,0,0,0
476.64,0,468,1,0,0,1,0
438.75,0,156,16,0,1,0,1
643.7,1,181,19,0,1,0,0
457.71,3,339,19,0,0,1,1
198.59,2,1168,23,0,0,1,0
193.64,2,1187,6,0,1,0,0
319.62,1,904,0,1,0,0,1
197.57,1,899,16,1,0,0,0
726.83,1,2992,8,0,0,1,0
801.36,4,222,12,0,1,0,1
70.08,4,767,15,1,0,0,1
525.49,0,351,14,1,0,0,0
310.91,3,450,12,0,0,1,1
1232.39,4,217,0,0,0,1,1
83.18,2,304,15,1,0,0,0
272.9,2,630,5,0,0,1,0
288.11,0,807,22,0,1,0,0
351.56,2,55,1,1,0,0,0
224.21,4,2230,2,1,0,0,1
536.82,1,669,22,0,1,0,0
489.49,2,18,19,1,0,0,0
544.72,4,151,22,0,0,1,1
325.81,4,304,12,0,1,0,0
70.22,3,375,21,1,0,0,1
266.63,4,715,12,0,1,0,1
267.46,1,490,18,1,0,0,0
182.35,4,617,16,0,1,0,0
224.01,3,239,15,0,0,1,0
311.07,0,610,21,1,0,0,0
345.4,1,859,19,0,1,0,1
944.38,3,860,1,0,1,0,1
493.26,2,1662,7,0,1,0,1
704.01,3,101,18,1,0,0,0
170.75,4,1557,0,0,0,1,0
40.12,1,1555,15,1,0,0,0
85.72,2,145,4,1,0,0,1
230.14,0,2556,18,0,1,0,0
440.54,4,1748,18,0,1,0,0
118.45,0,678,12,0,1,0,0
482.36,4,426,11,0,0,1,1
765.44,1,425,8,0,0,1,0
538.01,1,212,12,1,0,0,1
213.04,0,1820,18,1,0,0,0
183.77,0,862,1,1,0,0,1
407.7,2,415,18,0,0,1,0
600.25,3,438,6,1,0,0,0
744.79,4,1032,17,1,0,0,0
78.38,0,697,14,1,0,0,0
315.55,4,1253,6,0,1,0,0
429.56,4,319,1,0,0,1,1
621.14,3,773,2,1,0,0,1
86.94,1,479,22,0,0,1,1
479.02,4,59,22,1,0,0,1
536.17,2,77,16,0,1,0,0
548.73,1,1015,8,1,0,0,0
151.36,3,819,4,0,0,1,1
1027.72,4,441,13,0,0,1,1
207.49,4,667,9,0,0,1,0
802.63,0,202,7,0,1,0,1
1046.1,4,1205,16,0,1,0,1
215.27,2,613,12,0,0,1,0
292.12,1,513,7,0,1,0,0
722.11,3,1376,11,0,1,0,0
761.53,4,858,4,0,0,1,1
127.09,0,555,12,1,0,0,0
34.15,0,1470,12,0,0,1,0
160.0,1,318,21,0,1,0,0
836.69,3,466,23,0,0,1,1
275.65,4,1096,8,1,0,0,0
63.87,3,3773,0,0,1,0,1
177.64,1,418,21,0,0,1,1
125.33,1,3490,13,1,0,0,0
95.22,3,460,16,0,0,1,0
251.09,4,362,13,0,1,0,0
428.08,4,1216,3,0,0,1,0
336.64,1,458,3,1,0,0,0
436.95,1,1017,17,0,1,0,0
330.45,2,694,18,1,0,0,0
256.26,0,177,2,1,0,0,1
508.17,4,974,5,0,1,0,0
546.82,0,3677,23,1,0,0,0
903.6,2,483,1,0,1,0,0
495.75,4,273,22,0,0,1,1
203.77,3,2400,11,1,0,0,1
213.42,1,1004,22,1,0,0,0
645.98,3,179,1,0,1,0,1
397.89,4,1091,23,0,1,0,0
449.25,2,313,18,0,1,0,0
429.58,0,85,9,0,1,0,0
2278.73,3,652,22,1,0,0,0
514.59,4,76,20,0,1,0,0
30.72,3,204,4,0,0,1,1
432.0,3,316,9,0,0,1,0
334.53,3,20,3,0,1,0,1
454.82,0,1458,23,0,1,0,0
236.98,2,989,3,1,0,0,0
359.34,1,553,17,0,1,0,0
328.89,3,32,7,0,0,1,0
637.4,2,1255,1,0,1,0,1
659.22,0,183,12,0,0,1,0
984.31,3,889,17,1,0,0,1
304.35,4,1894,20,0,0,1,1
39.69,0,930,20,0,1,0,1
112.69,3,351,7,1,0,0,0
425.02,3,729,7,0,0,1,0
95.64,3,1143,8,1,0,0,1
315.37,3,134,15,0,1,0,1
834.41,3,1153,2,0,0,1,0
1271.3,4,68,21,1,0,0,1
251.64,1,3736,8,1,0,0,1
445.38,3,1880,5,1,0,0,0
1314.32,2,41,1,0,1,0,1
233.15,3,246,5,0,1,0,0
153.18,0,2206,2,0,1,0,0
445.09,0,471,7,0,1,0,0
68.74,4,2595,17,0,1,0,0
371.54,4,370,7,1,0,0,0
550.4,1,364,2,0,1,0,0
287.63,4,266,7,1,0,0,1
312.85,3,1218,9,0,0,1,0
413.59,2,121,18,0,1,0,0
370.23,4,159,13,0,0,1,0
1113.65,0,698,17,1,0,0,0
428.74,3,1839,17,1,0,0,0
1043.99,4,1047,0,1,0,0,1
572.3,3,406,23,1,0,0,1
509.22,3,104,12,0,0,1,0
331.94,3,1032,4,0,1,0,1
672.45,3,262,2,1,0,0,1
133.2,4,190,2,0,1,0,0
63.26,2,298,6,0,1,0,0
660.05,4,404,12,1,0,0,1
134.35,0,1001,19,0,0,1,0
66.13,2,377,5,1,0,0,0
475.22,4,162,19,0,1,0,1
336.2,2,133,21,0,0,1,0
28.4,0,907,19,0,1,0,0
359.25,0,422,6,0,1,0,0
90.5,2,198,6,0,1,0,0
594.16,3,1009,6,0,0,1,0
333.41,2,491,2,1,0,0,1
114.07,2,1514,21,1,0,0,0
197.37,2,95,1,0,1,0,0
508.19,0,379,5,1,0,0,0
128.83,3,2528,20,0,1,0,0
409.5,1,393,6,1,0,0,0
207.1,4,88,8,0,0,1,0
51.51,2,984,4,0,1,0,0
308.18,1,458,16,0,0,1,0
426.69,1,880,16,0,1,0,0
321.53,1,353,12,0,0,1,1
139.87,2,288,5,0,0,1,0
237.6,4,635,2,0,1,0,1
267.61,4,917,3,0,1,0,1
504.4,1,830,11,0,0,1,0
678.05,2,770,6,1,0,0,0
79.6,4,481,0,0,0,1,1
50.2,1,401,6,0,0,1,0
154.42,1,24,12,0,1,0,1
498.85,1,2231,13,0,1,0,0
208.67,4,286,10,0,0,1,1
142.76,3,1043,11,1,0,0,1
669.55,3,1332,15,0,0,1,1
123.06,3,256,9,0,0,1,1
265.01,4,3066,14,1,0,0,1
145.37,3,532,2,1,0,0,0
196.8,4,129,21,0,1,0,0
171.5,3,379,20,1,0,0,1
763.25,2,2428,16,0,0,1,0
595.44,2,1783,10,0,0,1,0
301.2,4,637,14,0,1,0,1
380.63,3,1289,12,0,0,1,1
182.06,3,950,3,0,1,0,1
957.84,1,65,1,0,0,1,1
304.39,3,1546,10,0,0,1,1
668.18,2,1079,4,1,0,0,0
304.14,3,433,22,0,1,0,0
420.69,1,1093,15,0,0,1,0
233.89,3,479,5,1,0,0,0
143.34,1,1812,13,0,1,0,0
141.03,2,863,2,0,0,1,0
256.73,3,574,17,1,0,0,1
68.42,4,627,17,0,0,1,0
542.52,0,160,18,0,1,0,0
528.75,4,267,22,1,0,0,0
93.4,3,1108,10,1,0,0,0
49.76,3,215,0,0,0,1,1
213.8,3,1344,16,0,0,1,0
186.72,2,301,15,1,0,0,0
710.3,2,1249,6,1,0,0,0
628.21,0,849,2,1,0,0,0
40.2,0,654,6,0,1,0,0
394.3,0,581,2,0,1,0,0
671.2,3,2362,8,1,0,0,0
167.23,3,1459,8,0,0,1,1
428.71,0,199,14,0,1,0,0
483.97,1,3154,0,0,0,1,0
116.8,4,631,10,0,0,1,1
340.88,3,1174,6,0,0,1,0
169.54,1,1219,20,1,0,0,0
264.72,4,350,16,1,0,0,0
95.27,1,1334,16,1,0,0,0
229.66,1,382,9,1,0,0,0
85.96,1,2880,18,1,0,0,0
271.61,4,2520,0,0,0,1,0
249.35,2,659,21,0,1,0,0
299.99,3,390,16,0,0,1,0
409.96,0,629,14,0,0,1,0
275.88,3,335,15,1,0,0,1
157.05,3,719,15,1,0,0,1
281.57,3,128,19,0,0,1,1
17.44,2,280,18,1,0,0,1
50.17,2,522,16,1,0,0,0
219.65,0,21,19,0,0,1,1
305.63,3,44,5,1,0,0,1
475.52,1,1292,18,0,0,1,0
136.58,1,613,18,0,0,1,0
69.65,2,448,22,0,0,1,0
179.45,4,397,6,1,0,0,1
431.65,0,748,8,0,0,1,0
126.81,2,98,5,0,1,0,0
110.52,4,114,23,0,0,1,1
366.4,2,94,0,1,0,0,0
612.8,2,640,4,1,0,0,1
362.93,1,247,4,0,0,1,0
196.96,3,639,5,0,0,1,0
431.21,0,1151,16,0,1,0,0
292.82,4,548,13,0,0,1,1
1068.13,2,1785,9,1,0,0,0
769.97,3,756,18,0,1,0,1
582.1,1,758,23,0,0,1,0
334.38,3,226,1,1,0,0,1
366.75,2,79,9,0,0,1,0
128.93,0,1430,21,0,1,0,0
145.1,1,1074,9,0,0,1,1
740.01,4,986,6,0,0,1,0
590.73,3,415,19,1,0,0,1
248.47,4,987,12,0,0,1,0
543.89,1,1515,15,0,1,0,0
107.43,2,343,20,0,1,0,1
818.26,1,61,6,0,1,0,1
271.35,0,698,13,0,0,1,0
451.93,0,685,1,1,0,0,0
432.28,1,2478,2,1,0,0,0
320.43,3,863,0,0,0,1,0
653.23,4,487,23,0,0,1,1
201.1,3,464,18,1,0,0,1
156.53,2,902,22,0,1,0,0
583.56,1,2680,23,1,0,0,0
53.21,0,86,17,0,0,1,0
322.09,1,52,2,0,0,1,0
93.04,0,1838,12,0,0,1,0
89.59,4,923,0,1,0,0,0
549.36,2,69,16,0,0,1,0
272.31,3,4117,9,1,0,0,1
135.02,4,1386,20,0,0,1,1
156.56,2,1842,21,0,1,0,1
707.15,2,1564,6,1,0,0,0
47.47,1,391,13,0,0,1,0
301.18,0,1636,0,0,1,0,0
42.56,1,746,3,0,0,1,0
549.06,2,348,14,0,0,1,0
128.52,3,1130,15,1,0,0,0
86.36,1,1439,20,0,1,0,0
395.3,0,161,10,0,1,0,0
149.88,0,805,20,0,1,0,0
399.42,1,236,18,0,1,0,0
1003.5,2,66,10,1,0,0,0
141.8,2,1841,12,0,0,1,0
946.93,3,285,20,0,1,0,0
296.38,4,616,0,0,1,0,1
333.23,0,533,15,1,0,0,0
995.48,1,1556,19,1,0,0,0
394.49,3,395,5,1,0,0,0
27.63,3,61,4,1,0,0,0
633.96,0,681,7,0,1,0,0
171.44,2,983,2,1,0,0,1
570.97,4,367,18,0,0,1,1
241.37,2,908,4,0,1,0,0
372.12,1,1342,2,1,0,0,1
721.8,0,765,19,0,0,1,0
198.13,4,1105,13,0,1,0,0
392.06,0,317,7,0,0,1,1
113.2,3,1036,16,0,0,1,1
281.61,2,1561,0,1,0,0,1
215.26,1,366,1,0,0,1,0
741.01,0,175,0,0,0,1,0
337.16,4,1256,3,1,0,0,1
238.81,4,296,9,1,0,0,0
370.34,2,1411,12,1,0,0,0
759.46,3,2174,10,0,0,1,1
633.48,0,888,16,1,0,0,1
502.96,2,286,19,0,0,1,0
423.23,2,1236,2,0,0,1,0
41.34,3,876,8,0,1,0,1
398.31,0,71,7,0,1,0,0
414.49,1,2540,5,1,0,0,0
372.66,2,1039,23,1,0,0,0
117.49,1,264,6,0,0,1,0
331.28,2,632,10,1,0,0,0
448.54,4,1088,5,0,1,0,1
952.25,4,941,8,0,0,1,1
238.99,3,128,16,1,0,0,0
206.35,0,77,11,0,0,1,0
815.04,2,62,12,1,0,0,0
381.2,0,85,7,0,1,0,0
316.33,2,330,0,0,0,1,0
317.68,3,1635,12,0,1,0,1
201.77,2,1155,7,0,0,1,0
496.39,1,395,8,0,0,1,0
278.4,3,378,15,0,0,1,1
45.82,2,2242,12,0,1,0,0
578.71,1,1595,7,0,0,1,0
415.66,0,408,16,1,0,0,1
318.46,0,222,1,0,0,1,0
478.72,2,977,0,0,0,1,0
301.2,1,735,2,0,0,1,0
154.33,3,362,14,0,1,0,1
215.18,0,71,18,0,0,1,0
694.22,4,103,22,0,0,1,0
339.16,1,7,1,1,0,0,0
73.13,1,1764,19,0,1,0,0
278.89,4,304,20,1,0,0,0
855.68,0,163,21,0,0,1,0
290.52,0,799,10,0,0,1,0
299.76,4,1026,13,0,0,1,1
1054.54,0,373,20,0,1,0,0
506.62,0,508,10,1,0,0,0
720.92,3,707,12,0,0,1,1
150.39,4,1067,10,0,1,0,1
30.92,3,864,10,0,1,0,1
669.88,1,60,22,0,0,1,0
228.13,2,781,13,1,0,0,0
112.92,0,974,1,0,1,0,0
301.96,4,1656,18,1,0,0,1
340.79,3,826,5,1,0,0,1
222.65,1,2793,9,0,0,1,0
495.25,4,62,16,0,0,1,1
125.38,1,2624,15,0,0,1,0
457.79,0,357,5,0,1,0,0
182.1,0,100,9,0,0,1,0
577.36,2,129,21,0,1,0,1
186.96,2,78,9,1,0,0,0
711.08,2,510,10,1,0,0,0
287.81,0,538,2,0,1,0,1
610.35,0,1603,12,0,0,1,0
176.7,3,17,20,0,1,0,1
219.52,2,474,16,1,0,0,0
85.35,3,403,12,1,0,0,1
51.69,3,2276,9,0,0,1,0
481.34,0,671,21,0,1,0,1
249.29,1,585,6,1,0,0,0
373.46,0,556,2,0,1,0,0
471.61,2,330,23,0,0,1,0
1088.85,0,405,8,0,0,1,0
202.52,4,120,21,0,0,1,1
165.14,1,889,0,0,1,0,1
854.96,4,7,4,0,0,1,1
415.23,4,593,22,0,1,0,1
792.26,0,12,12,1,0,0,0
661.7,3,486,0,0,0,1,0
436.41,4,0,15,0,1,0,1
405.89,2,275,16,1,0,0,0
679.69,2,1022,18,0,1,0,0
415.25,4,332,6,0,1,0,1
284.61,4,123,0,0,0,1,1
312.34,2,401,16,0,1,0,0
821.17,1,297,19,0,0,1,0
263.42,1,173,12,0,1,0,1
325.01,0,2715,21,1,0,0,0
359.96,0,1607,17,0,1,0,1
175.7,3,1279,8,0,1,0,0
11.21,1,48,11,1,0,0,0
65.13,0,392,16,1,0,0,1
239.42,1,1196,7,0,0,1,0
533.08,2,628,3,1,0,0,1
473.37,2,27,12,1,0,0,0
281.72,4,400,13,0,1,0,1
36.01,2,268,20,0,1,0,0
205.65,3,295,1,1,0,0,1
242.68,1,491,4,0,0,1,0
249.6,1,2153,12,1,0,0,0
958.52,0,85,16,1,0,0,0
618.69,4,1192,7,0,0,1,1
178.76,0,72,7,0,0,1,0
176.11,0,270,6,0,1,0,0
136.84,3,1042,3,0,1,0,0
148.83,4,470,22,0,1,0,0
192.08,4,1059,0,1,0,0,1
536.7,2,4431,2,1,0,0,1
157.13,0,1058,8,0,1,0,0
116.13,0,156,2,0,0,1,1
334.51,3,495,12,1,0,0,1
176.6,0,1607,12,1,0,0,0
281.56,0,2454,4,0,0,1,0
221.16,0,1277,12,0,1,0,0
195.57,3,527,20,0,0,1,1
317.64,4,547,4,0,0,1,1
386.11,0,1356,0,0,1,0,0
270.03,3,275,19,0,0,1,1
169.4,1,665,19,0,1,0,0
540.88,0,312,0,0,0,1,1
442.45,1,2411,8,1,0,0,0
332.8,0,310,4,0,1,0,0
284.26,0,63,10,0,1,0,0
455.44,4,2061,13,0,1,0,0
1048.29,1,353,17,0,1,0,0
914.51,0,779,22,0,1,0,0
74.44,3,949,12,0,1,0,1
291.15,3,182,18,0,0,1,1
206.86,0,300,19,1,0,0,0
210.79,3,441,18,1,0,0,1
93.39,0,1781,8,0,1,0,0
65.99,0,1382,16,0,1,0,0
312.66,4,1649,7,1,0,0,1
699.16,0,489,18,0,1,0,0
328.16,3,773,16,0,0,1,1
891.57,4,325,0,0,0,1,1
179.58,2,237,16,1,0,0,0
158.52,4,28,18,0,0,1,1
584.87,3,176,17,1,0,0,0
113.77,4,1798,19,0,1,0,0
518.1,3,472,7,1,0,0,1
131.84,0,1354,23,1,0,0,1
402.13,2,122,0,0,1,0,0
321.84,3,873,11,0,1,0,0
697.35,2,17,10,0,0,1,0
90.61,1,1920,3,1,0,0,0
530.97,2,272,2,1,0,0,1
466.63,4,65,8,1,0,0,1
196.92,4,66,1,0,1,0,0
141.46,4,2121,14,0,1,0,0
170.27,1,857,19,1,0,0,0
130.6,0,353,8,1,0,0,0
288.94,4,343,3,0,1,0,1
251.85,3,1221,8,1,0,0,0
139.66,4,150,20,0,1,0,1
484.44,0,779,4,0,0,1,0
290.34,2,364,12,0,0,1,0
54.04,4,85,14,0,0,1,0
216.29,3,204,6,1,0,0,1
911.42,3,2145,0,0,0,1,0
542.16,4,1488,11,0,1,0,0
472.64,3,299,13,0,1,0,0
366.22,4,75,6,0,1,0,0
149.64,4,1050,18,0,0,1,1
692.13,0,131,23,1,0,0,0
624.22,0,495,20,1,0,0,0
709.5,0,2152,20,1,0,0,0
694.45,3,213,3,0,1,0,1
390.33,3,1096,6,0,0,1,0
757.44,1,1824,16,0,1,0,0
241.45,1,951,8,0,0,1,1
390.98,3,50,9,0,0,1,0
814.47,0,3708,7,0,1,0,0
207.05,3,2080,11,0,0,1,1
586.57,2,740,2,1,0,0,0
586.45,1,83,0,0,1,0,0
208.6,3,103,23,0,1,0,1
80.36,3,549,10,0,0,1,0
197.78,4,1923,21,0,0,1,0
238.29,3,37,20,0,1,0,0
131.12,1,232,11,1,0,0,1
229.18,1,228,3,1,0,0,0
441.51,4,1073,10,0,1,0,0
454.73,0,565,10,1,0,0,0
852.13,4,1370,11,1,0,0,0
119.11,2,632,18,0,1,0,0
936.35,2,961,13,0,1,0,0
72.0,4,1176,8,1,0,0,0
327.72,0,835,19,1,0,0,0
501.27,3,194,2,1,0,0,1
535.7,4,710,6,0,0,1,1
450.97,3,705,19,1,0,0,1
263.49,0,115,16,0,1,0,0
257.89,4,908,6,0,0,1,0
1220.09,4,568,14,1,0,0,0
84.34,2,212,12,1,0,0,0
206.85,4,33,1,0,0,1,1
369.88,3,253,9,0,0,1,1
517.57,0,302,6,1,0,0,0
209.83,3,131,11,0,1,0,1
593.92,0,41,5,0,1,0,0
692.5,2,334,5,0,1,0,1
131.6,4,148,11,0,1,0,0
268.9,1,207,8,0,1,0,1
551.58,1,2337,14,0,1,0,0
277.25,2,1589,21,1,0,0,1
146.12,2,774,6,0,0,1,0
299.35,2,313,23,1,0,0,0
1091.6,1,101,10,1,0,0,0
214.41,0,2360,16,0,0,1,0
721.01,4,212,11,0,0,1,1
304.29,1,1472,2,0,1,0,0
472.56,1,658,5,0,0,1,0
43.53,4,846,20,0,1,0,1
251.86,4,129,10,1,0,0,0
332.88,2,172,14,1,0,0,0
393.7,3,45,9,0,0,1,0
120.93,3,239,9,0,0,1,1
107.91,1,1209,13,0,0,1,1
480.42,1,404,17,0,1,0,0
377.19,1,916,5,1,0,0,0
28.43,1,411,21,0,0,1,0
410.54,1,693,15,0,1,0,1
696.54,1,223,6,0,0,1,0
164.05,4,1346,4,1,0,0,0
590.35,3,389,22,1,0,0,0
549.13,1,153,21,0,0,1,0
299.53,0,895,9,0,0,1,0
285.71,1,1297,11,1,0,0,0
120.76,4,270,10,0,1,0,1
474.83,3,333,20,0,0,1,0
316.13,3,504,20,1,0,0,0
139.19,4,98,22,0,1,0,0
135.19,2,120,17,1,0,0,0
201.84,3,1022,18,0,0,1,0
145.05,0,1700,23,0,0,1,0
53.01,2,849,22,1,0,0,1
133.72,4,254,14,0,0,1,0
113.99,0,3289,13,0,0,1,0
217.25,4,116,16,0,0,1,1
911.16,2,2287,4,1,0,0,1
485.49,0,196,2,0,0,1,0
232.83,2,246,22,0,0,1,0
1015.23,1,1813,14,0,1,0,0
412.35,1,875,8,0,0,1,0
440.89,1,142,18,0,1,0,0
580.69,1,1515,13,0,0,1,1
186.3,0,43,8,1,0,0,0
1303.54,2,1133,23,1,0,0,1
268.93,3,665,22,0,0,1,0
472.11,0,196,0,0,0,1,1
699.15,0,866,1,1,0,0,1
221.03,0,878,17,1,0,0,0
218.44,1,905,15,0,0,1,0
227.23,1,294,0,0,0,1,0
378.93,3,452,18,0,1,0,0
625.06,1,102,15,1,0,0,1
62.71,0,380,19,0,0,1,0
725.98,4,1243,11,0,1,0,0
246.04,2,729,11,1,0,0,0
263.71,2,326,5,0,1,0,0
128.22,1,696,2,1,0,0,0
606.77,0,645,8,0,1,0,0
161.65,1,162,18,0,0,1,0
372.94,4,637,15,0,1,0,0
61.91,4,189,2,1,0,0,0
885.28,0,1304,9,0,1,0,0
228.83,4,193,23,0,1,0,1
645.82,2,200,7,1,0,0,0
252.14,3,447,14,0,0,1,1
621.39,0,436,5,1,0,0,0
68.96,2,67,13,0,0,1,0
172.12,3,282,11,0,0,1,1
775.62,3,340,22,0,1,0,1
687.24,2,2075,18,0,0,1,0
148.63,1,154,15,0,1,0,0
60.2,2,523,6,0,1,0,1
542.36,3,15,23,0,0,1,1
148.15,1,1801,19,0,0,1,0
591.71,1,322,1,1,0,0,0
453.06,1,384,2,0,1,0,0
137.13,2,109,11,0,1,0,1
363.1,4,730,9,0,0,1,1
424.36,4,1577,0,1,0,0,0
127.62,4,1739,12,1,0,0,0
204.38,2,2483,8,1,0,0,0
882.14,3,2246,8,0,1,0,1
1478.89,1,1154,19,1,0,0,0
1185.29,3,1176,0,0,1,0,1
681.11,3,1770,9,0,1,0,0
684.35,2,750,18,1,0,0,1
373.69,1,475,11,1,0,0,0
477.54,0,1112,14,0,0,1,0
624.73,0,84,14,1,0,0,0
92.55,1,128,3,0,1,0,0
190.58,1,744,5,0,1,0,0
359.02,2,4,9,0,0,1,1
714.37,2,499,17,0,0,1,0
576.66,3,893,18,0,0,1,0
759.36,2,345,2,1,0,0,0
112.04,2,626,2,0,1,0,1
145.2,4,605,3,0,0,1,0
165.59,4,145,18,1,0,0,1
56.38,1,2794,19,0,0,1,0
205.55,1,161,17,1,0,0,0
440.92,0,2515,12,1,0,0,0
359.93,1,111,12,1,0,0,0
411.7,2,441,15,0,0,1,0
204.82,0,168,14,0,0,1,1
216.19,4,1224,14,0,0,1,1
230.26,2,1429,18,1,0,0,1
267.48,4,3251,22,0,1,0,0
127.42,1,287,14,0,1,0,0
965.07,2,996,9,1,0,0,1
550.87,2,579,19,0,0,1,0
527.22,2,123,21,1,0,0,0
291.71,4,2121,9,0,1,0,0
592.49,0,785,9,0,0,1,0
882.93,0,2326,11,0,0,1,0
1271.79,3,18,3,0,1,0,1
377.66,4,2324,0,0,0,1,1
651.04,2,1034,5,0,1,0,0
251.42,0,710,14,0,0,1,0
582.19,4,172,13,0,1,0,1
1597.17,0,87,15,0,1,0,0
217.12,1,123,12,1,0,0,0
651.34,3,955,13,0,0,1,0
169.96,3,956,5,0,0,1,1
527.38,1,880,2,1,0,0,0
323.31,4,721,12,0,1,0,0
86.91,1,5,18,0,0,1,1
343.82,3,443,18,0,1,0,0
19.83,2,635,10,1,0,0,1
33.6,0,25,3,1,0,0,1
399.22,4,524,11,1,0,0,1
278.88,4,63,22,0,1,0,0
353.56,2,996,9,0,0,1,0
642.02,3,1526,19,0,0,1,1
20.51,1,1142,6,0,1,0,0
343.28,3,98,22,0,1,0,0
885.97,3,266,2,1,0,0,1
140.8,2,627,2,0,1,0,0
278.39,0,48,9,0,0,1,0
437.78,1,864,16,0,1,0,0
284.17,2,194,12,0,1,0,0
711.38,4,462,2,0,1,0,0
913.15,0,1466,14,0,0,1,0
85.34,1,491,11,0,1,0,0
1250.84,3,872,6,1,0,0,0
31.26,0,427,6,0,0,1,1
347.29,2,107,18,1,0,0,1
150.16,0,572,10,1,0,0,1
917.77,2,640,18,0,0,1,0
63.75,1,220,8,1,0,0,1
150.84,1,868,1,1,0,0,1
989.33,3,249,9,1,0,0,1
44.96,1,540,11,0,0,1,0
61.24,3,2113,15,1,0,0,0
491.59,2,184,1,0,1,0,0
14.33,0,1116,21,0,1,0,0
109.8,1,659,19,0,0,1,0
465.8,1,24,1,0,1,0,1
768.28,1,2452,15,0,1,0,0
1197.29,2,651,8,0,0,1,0
157.92,3,425,16,0,0,1,1
162.9,1,684,9,0,0,1,1
308.5,3,838,8,1,0,0,0
410.7,4,1778,15,0,1,0,1
566.76,0,3608,16,0,0,1,0
214.74,4,2205,6,0,0,1,0
225.36,2,1219,21,0,0,1,1
428.4,3,10,12,1,0,0,1
612.59,2,272,16,0,1,0,0
1481.85,4,237,11,0,0,1,0
219.01,1,1030,2,1,0,0,1
58.08,4,275,3,0,1,0,1
620.84,2,1341,20,0,1,0,1
178.64,0,111,6,1,0,0,0
709.88,0,2442,22,1,0,0,0
723.78,1,891,3,1,0,0,0
123.29,4,296,6,0,0,1,0
145.52,3,362,12,0,0,1,1
128.35,0,1391,9,1,0,0,0
830.47,4,1963,18,0,1,0,0
642.27,4,1284,13,0,0,1,1
418.91,0,897,3,1,0,0,0
749.18,3,1659,21,1,0,0,0
264.13,2,682,1,1,0,0,1
178.73,0,1348,13,0,0,1,1
738.44,3,427,5,0,0,1,1
315.68,2,203,11,0,1,0,0
201.12,0,11,9,0,0,1,1
437.53,1,1042,3,0,0,1,0
567.14,1,1336,3,0,0,1,0
252.77,3,2522,16,0,1,0,1
659.6,0,996,11,0,0,1,0
558.94,1,2791,20,0,0,1,1
473.14,0,4325,14,0,0,1,0
112.85,3,556,17,1,0,0,1
325.66,0,1610,17,0,1,0,0
463.94,3,336,5,0,1,0,1
373.41,0,1675,16,0,1,0,0
596.42,1,74,8,0,1,0,0
1056.34,0,394,17,0,0,1,1
242.44,2,1185,8,0,0,1,1
863.15,0,2011,9,0,0,1,0
344.47,0,632,4,0,1,0,0
50.14,1,539,9,0,1,0,0
328.6,1,650,19,0,1,0,0
465.98,3,1077,4,0,1,0,0
545.54,0,1361,16,1,0,0,0
269.44,4,1681,11,1,0,0,1
347.38,4,306,12,1,0,0,0
837.76,2,495,10,0,1,0,1
472.19,3,880,8,0,0,1,1
538.96,2,382,21,0,0,1,0
591.44,1,1324,23,0,1,0,0
137.81,0,4164,9,0,1,0,0
55.44,1,1395,21,0,1,0,0
274.0,2,239,9,1,0,0,0
258.5,2,1072,14,1,0,0,0
501.06,3,569,8,0,0,1,1
452.29,2,854,1,0,0,1,0
372.37,3,253,17,0,1,0,1
403.92,4,590,10,0,1,0,0
107.39,4,952,17,0,1,0,0
257.39,3,1208,9,0,1,0,0
162.61,1,69,19,1,0,0,0
472.59,0,1260,12,0,1,0,0
441.71,3,180,12,0,0,1,0
362.8,2,89,3,1,0,0,0
586.63,1,1010,0,0,1,0,0
146.32,2,1063,15,0,1,0,0
653.72,1,243,17,0,0,1,0
635.5,4,1335,20,0,0,1,1
914.53,1,1323,13,0,1,0,0
718.68,0,484,7,1,0,0,0
223.91,4,389,7,0,1,0,0
243.64,0,35,11,1,0,0,1
191.54,1,691,7,0,0,1,0
204.9,1,718,10,0,1,0,0
92.29,1,924,11,0,0,1,0
269.61,0,565,19,1,0,0,0
212.97,2,908,2,1,0,0,1
1621.46,4,1524,4,0,1,0,1
420.42,4,2302,7,0,0,1,0
133.89,3,594,15,1,0,0,0
541.78,2,375,19,0,1,0,1
709.31,4,324,19,0,1,0,0
216.08,4,1411,9,0,1,0,1
80.9,4,955,8,0,0,1,0
69.57,0,407,12,0,1,0,0
154.42,2,193,17,0,1,0,0
139.56,0,855,5,0,0,1,0
901.87,2,1132,2,1,0,0,0
412.82,3,1043,13,0,1,0,0
110.31,1,149,4,1,0,0,0
226.56,2,446,16,0,1,0,0
141.72,4,1515,6,0,0,1,0
99.9,2,516,5,0,0,1,0
792.42,2,417,10,1,0,0,0
571.12,3,1073,20,0,1,0,0
715.56,2,844,20,0,1,0,0
1128.67,3,659,14,1,0,0,0
896.17,0,1156,19,1,0,0,0
404.85,4,1793,10,0,0,1,1
383.42,2,1340,15,0,1,0,0
41.03,0,129,19,1,0,0,0
327.82,4,1394,21,1,0,0,0
101.71,2,319,9,0,0,1,0
711.93,4,131,1,0,1,0,1
701.18,2,141,14,0,1,0,1
609.25,2,835,23,0,1,0,1
405.98,1,136,19,0,1,0,0
145.59,2,1443,21,0,0,1,0
289.67,0,295,12,1,0,0,0
197.18,3,1232,13,0,0,1,1
643.8,1,838,21,0,0,1,0
527.7,0,937,3,1,0,0,0
1219.56,0,18,4,0,0,1,0
540.87,1,1341,9,0,0,1,0
92.51,4,864,10,1,0,0,1
378.26,0,238,20,0,0,1,0
526.9,4,1156,9,1,0,0,0
83.98,1,318,3,0,1,0,0
996.33,4,943,23,0,0,1,0
68.47,3,1267,17,1,0,0,0
111.39,1,2170,18,0,1,0,1
203.25,0,1433,13,1,0,0,0
828.98,2,1453,13,0,0,1,0
613.71,4,1358,20,0,0,1,0
1482.69,3,701,21,0,0,1,0
332.1,3,3167,0,0,1,0,0
49.41,4,21,22,1,0,0,0
81.29,1,1395,15,1,0,0,1
453.43,1,362,14,0,1,0,1
531.35,0,136,10,1,0,0,0
439.58,1,64,11,0,1,0,1
117.06,2,691,19,1,0,0,1
150.66,3,87,7,1,0,0,0
1189.64,2,157,8,0,1,0,0
530.63,0,774,15,0,0,1,0
132.09,4,1003,10,0,1,0,0
12.63,2,1199,5,0,0,1,0
444.2,1,128,5,1,0,0,0
574.28,3,610,14,0,1,0,1
144.15,4,940,13,1,0,0,0
369.97,4,1270,8,1,0,0,0
443.5,1,1266,12,0,0,1,0
270.06,0,808,23,0,1,0,1
154.93,3,401,19,1,0,0,1
204.85,4,776,18,0,0,1,1
50.8,1,1387,17,0,1,0,0
756.33,1,419,15,0,0,1,0
304.2,4,393,5,0,1,0,0
81.42,3,3553,4,1,0,0,1
557.22,3,216,22,0,0,1,1
456.89,2,443,20,1,0,0,1
168.75,3,6,0,1,0,0,1
341.96,2,665,11,0,0,1,0
868.1,1,231,11,0,1,0,1
374.0,0,713,14,0,1,0,1
928.63,2,1120,21,1,0,0,1
649.41,4,752,3,1,0,0,1
95.64,3,702,19,0,0,1,0
614.46,3,633,23,0,1,0,1
366.39,4,74,7,1,0,0,0
514.82,4,261,22,0,0,1,0
154.19,1,1177,14,1,0,0,1
128.6,4,231,17,0,0,1,0
469.81,1,314,2,0,0,1,1
113.15,3,381,15,0,0,1,0
693.09,2,785,8,0,1,0,0
245.47,2,475,9,0,0,1,0
165.04,3,952,18,0,1,0,1
566.81,4,957,18,0,1,0,1
366.84,1,130,19,0,0,1,0
506.17,0,2891,3,1,0,0,1
311.79,4,532,18,1,0,0,0
225.89,0,420,14,0,1,0,0
540.28,3,1761,13,1,0,0,1
439.86,3,1680,8,0,1,0,0
406.58,3,1007,2,0,0,1,0
210.37,2,633,23,0,1,0,0
382.6,0,350,6,1,0,0,0
163.86,1,253,14,0,0,1,0
559.66,1,682,15,1,0,0,0
865.25,0,223,17,0,1,0,0
589.22,0,1026,6,0,1,0,1
134.02,0,2194,10,0,1,0,0
634.23,1,1300,17,0,0,1,0
318.35,2,472,3,1,0,0,0
400.81,1,26,17,0,1,0,0
164.61,4,4688,6,0,1,0,1
733.35,1,1410,23,0,1,0,0
69.74,4,1070,15,0,0,1,0
781.34,2,587,11,0,0,1,0
28.57,0,349,7,0,1,0,0
758.1,0,707,7,0,0,1,1
288.86,1,1046,4,0,1,0,0
506.13,4,187,8,1,0,0,1
255.51,1,164,10,0,1,0,0
394.41,4,768,12,1,0,0,0
100.74,4,198,11,1,0,0,0
20.35,3,9,2,0,1,0,1
282.47,1,526,10,0,0,1,0
211.58,3,179,1,0,1,0,0
777.71,4,366,9,0,0,1,0
350.41,2,426,1,1,0,0,1
853.28,2,130,20,0,1,0,1
187.22,1,754,21,1,0,0,0
498.88,3,1540,20,0,1,0,0
202.39,3,263,16,1,0,0,1
616.51,4,372,6,0,0,1,1
519.53,4,140,13,0,1,0,0
661.51,3,47,23,1,0,0,1
333.57,2,353,6,1,0,0,1
67.41,0,17,8,0,1,0,0
275.9,2,3159,13,0,0,1,0
601.61,2,492,8,0,1,0,0
758.3,1,138,15,0,0,1,0
143.7,1,66,23,1,0,0,1
205.42,4,611,15,0,0,1,0
538.16,0,272,10,0,1,0,1
1261.79,1,341,23,0,0,1,1
207.43,3,244,1,1,0,0,0
339.2,4,13,4,0,1,0,1
410.56,0,230,4,1,0,0,0
735.56,2,52,18,0,1,0,0
1225.72,4,670,23,0,1,0,0
658.29,0,906,3,1,0,0,0
125.67,4,51,0,0,1,0,0
346.08,0,686,0,0,0,1,0
435.56,2,421,15,0,1,0,0
200.64,3,477,7,1,0,0,0
160.4,2,358,23,0,0,1,0
460.77,0,44,8,0,0,1,0
111.91,4,1108,15,0,0,1,0
172.59,0,1037,11,0,1,0,1
125.51,1,406,9,0,0,1,0
181.73,1,414,2,1,0,0,1
691.51,0,821,6,0,1,0,0
70.78,2,448,19,0,0,1,0
370.41,0,297,17,0,1,0,0
307.1,4,561,21,0,0,1,1
213.66,1,64,11,0,1,0,0
480.72,3,922,8,1,0,0,0
312.54,4,376,11,0,0,1,0
811.35,1,101,1,0,1,0,0
609.98,0,180,20,1,0,0,0
203.47,3,1376,19,0,0,1,0
742.85,4,131,21,0,1,0,0
530.84,2,1234,5,0,0,1,1
386.36,4,1528,5,1,0,0,0
228.59,2,801,12,1,0,0,0
223.49,0,2685,4,0,1,0,0
88.11,3,356,2,0,1,0,1
414.15,0,647,16,0,0,1,0
93.76,1,3392,9,1,0,0,0
754.15,0,199,3,0,1,0,0
308.74,1,556,1,0,1,0,0
744.05,4,1778,5,0,0,1,1
235.68,2,620,18,0,1,0,1
481.26,2,265,7,0,1,0,0
385.89,1,358,19,0,1,0,0
44.75,2,276,5,0,0,1,0
134.02,1,368,18,1,0,0,0
342.31,1,181,1,1,0,0,1
1113.89,4,348,7,0,1,0,1
442.97,1,424,2,0,0,1,0
208.68,4,678,21,0,0,1,0
1091.18,4,1246,8,0,1,0,1
316.22,0,676,6,1,0,0,0
418.53,4,604,20,1,0,0,0
623.2,4,2353,19,1,0,0,1
49.32,4,400,5,0,1,0,1
758.19,2,367,9,1,0,0,0
107.25,1,1293,16,0,0,1,1
157.05,1,1269,15,0,0,1,1
179.54,4,662,21,0,1,0,0
169.3,3,470,13,0,0,1,0
22.29,3,132,23,0,1,0,0
1129.73,3,433,3,0,1,0,0
501.98,4,2504,3,1,0,0,0
437.08,1,22,2,0,1,0,1
391.64,3,1057,23,0,1,0,1
546.41,0,39,8,0,0,1,0
326.37,1,226,3,0,0,1,0
503.39,0,734,18,0,0,1,1
163.24,2,300,6,0,0,1,0
320.8,1,424,5,0,0,1,1
297.71,0,164,13,0,0,1,0
247.17,0,51,12,1,0,0,0
246.38,1,328,20,0,1,0,1
458.34,2,140,20,0,0,1,0
201.04,0,1834,5,1,0,0,0
289.15,0,1525,15,0,1,0,1
88.78,0,683,23,0,1,0,0
607.39,0,593,2,1,0,0,1
211.08,4,282,15,1,0,0,1
407.68,0,1990,2,0,0,1,0
266.83,4,58,22,0,1,0,0
322.36,0,436,14,1,0,0,0
120.35,4,642,14,0,0,1,1
688.12,4,1283,21,1,0,0,0
681.26,2,2424,8,0,1,0,0
697.98,4,1404,15,1,0,0,0
370.12,4,646,7,0,0,1,1
653.18,3,446,0,1,0,0,1
452.89,1,82,5,0,1,0,0
498.78,0,336,17,0,1,0,0
1028.13,3,382,10,0,1,0,0
175.04,0,709,19,1,0,0,0
331.99,3,2008,6,0,1,0,1
572.48,3,785,0,1,0,0,0
93.91,1,28,4,1,0,0,1
502.66,2,337,7,0,0,1,0
464.1,2,1454,12,0,1,0,0
466.0,0,338,3,1,0,0,0
222.38,2,356,13,0,0,1,1
67.7,4,207,4,1,0,0,1
238.51,3,1473,7,0,1,0,1
28.38,3,2589,11,0,1,0,1
240.19,0,1292,17,0,0,1,0
343.77,0,1825,9,0,0,1,0
512.0,4,221,17,0,1,0,0
133.08,1,1,1,0,1,0,1
817.25,1,139,5,0,1,0,1
246.64,4,181,12,1,0,0,0
1010.87,2,1308,2,0,1,0,1
89.19,1,34,2,0,1,0,1
1360.85,3,1328,1,0,0,1,1
213.39,0,1028,17,1,0,0,0
114.71,0,1146,6,0,0,1,0
200.79,1,150,9,0,0,1,1
35.72,1,264,11,0,1,0,0
407.9,0,623,2,1,0,0,0
72.65,1,47,10,0,1,0,0
167.21,2,3167,3,0,1,0,0
514.82,0,1507,3,0,1,0,0
315.13,0,1185,20,0,1,0,0
1064.31,1,190,15,0,1,0,0
18.85,1,179,7,0,0,1,0
176.87,4,411,22,0,0,1,0
438.19,0,3864,13,1,0,0,0
379.94,2,290,23,0,0,1,0
427.76,1,14,17,0,0,1,1
1094.07,3,215,10,1,0,0,0
142.17,0,1108,4,0,1,0,1
373.21,3,86,20,1,0,0,0
165.43,4,168,16,1,0,0,1
249.95,2,3624,0,0,1,0,0
506.33,0,696,7,1,0,0,1
139.83,1,114,13,1,0,0,0
596.15,4,255,15,1,0,0,1
418.82,2,2208,2,0,0,1,0
527.94,3,520,13,0,1,0,1
1406.99,3,848,6,0,1,0,1
600.12,4,768,11,1,0,0,1
411.62,1,233,17,0,0,1,0
256.14,2,1221,8,1,0,0,0
492.23,1,1495,18,0,1,0,0
438.6,2,365,21,1,0,0,0
918.98,3,1952,11,0,0,1,1
854.64,2,904,12,0,0,1,0
755.48,3,487,7,1,0,0,0
163.45,2,849,12,0,0,1,0
906.03,3,982,3,1,0,0,1
842.99,1,561,5,0,0,1,0
1197.61,3,3271,16,0,1,0,0
719.32,0,182,15,0,1,0,1
210.83,4,591,20,0,1,0,1
123.24,3,2878,0,1,0,0,0
115.38,0,33,18,0,0,1,0
226.76,0,841,3,0,0,1,0
480.25,1,110,23,0,1,0,0
124.03,0,1524,7,1,0,0,0
357.16,3,1269,18,0,1,0,0
378.46,3,347,21,0,0,1,1
246.46,3,789,5,0,1,0,0
287.32,1,2293,14,1,0,0,0
314.07,0,573,0,0,0,1,0
633.65,4,858,11,1,0,0,1
400.51,0,123,15,0,0,1,0
125.3,4,1144,10,1,0,0,0
281.96,3,341,8,1,0,0,0
97.62,3,118,9,0,1,0,1
183.3,2,990,17,0,0,1,0
242.84,1,2302,21,0,0,1,0
145.01,0,405,1,0,1,0,0
115.67,3,607,9,1,0,0,1
501.97,2,932,5,0,0,1,0
148.97,3,624,14,0,0,1,0
501.87,0,1207,2,1,0,0,0
223.93,3,784,12,0,0,1,0
204.28,2,122,20,1,0,0,0
358.18,3,540,4,1,0,0,1
285.81,3,174,23,0,1,0,0
825.73,3,1241,12,1,0,0,1
98.28,0,580,16,0,0,1,1
121.63,0,815,8,1,0,0,0
364.58,4,3149,2,0,0,1,1
711.07,4,490,2,0,0,1,0
212.08,3,115,6,0,1,0,0
227.62,2,1004,0,0,0,1,1
1120.76,4,1921,3,0,1,0,0
403.99,0,626,3,1,0,0,0
133.52,0,2967,22,1,0,0,0
1339.12,3,1837,11,0,0,1,1
497.56,2,29,16,0,0,1,1
294.57,1,467,5,0,1,0,1
123.8,2,1332,18,0,0,1,1
107.29,3,112,14,0,0,1,0
73.77,1,795,5,1,0,0,0
269.32,0,301,18,0,1,0,0
514.04,4,1074,11,0,0,1,0
70.87,3,340,16,0,0,1,0
327.33,3,305,15,0,1,0,1
271.02,3,1884,18,1,0,0,1
289.67,1,455,17,0,0,1,1
374.45,1,241,2,1,0,0,0
327.47,2,626,12,0,0,1,0
130.18,1,233,14,0,0,1,0
429.51,3,459,2,0,0,1,1
22.7,0,321,15,0,0,1,0
522.95,2,1090,15,0,1,0,0
63.38,0,1227,10,0,0,1,0
11.17,1,1615,4,0,1,0,0
704.05,4,903,17,0,0,1,0
724.52,0,4,0,0,0,1,1
78.25,1,2199,11,0,1,0,1
299.05,1,2390,9,1,0,0,0
425.56,3,1401,8,0,1,0,0
1042.47,1,1321,15,0,1,0,0
151.88,0,21,21,0,1,0,1
667.52,0,1175,1,0,1,0,1
595.43,4,1713,20,1,0,0,1
799.94,3,76,10,0,0,1,0
722.57,0,1323,6,0,1,0,0
166.79,1,765,1,1,0,0,0
357.69,2,340,7,0,0,1,0
471.5,2,211,3,1,0,0,0
109.51,4,418,16,0,1,0,0
632.84,4,725,8,0,0,1,1
235.45,0,1762,19,0,0,1,0
213.98,0,247,11,0,0,1,0
850.81,1,1618,17,0,1,0,0
279.69,4,1078,8,1,0,0,0
415.87,0,630,9,0,0,1,0
255.45,1,328,3,0,1,0,1
978.62,3,587,8,0,0,1,1
134.64,0,2048,18,1,0,0,0
580.88,1,1426,12,0,1,0,0
231.26,2,239,3,0,0,1,0
757.74,0,407,4,0,0,1,0
197.38,0,84,20,1,0,0,0
213.62,1,104,5,0,1,0,0
220.36,0,148,9,1,0,0,0
90.84,1,144,7,0,0,1,0
769.02,0,139,8,1,0,0,0
257.82,2,2054,16,0,1,0,1
458.52,1,177,7,1,0,0,0
79.51,2,714,9,0,0,1,0
720.8,2,171,20,1,0,0,0
324.62,0,286,19,1,0,0,0
157.53,0,25,8,0,1,0,0
313.1,2,38,1,0,1,0,0
1180.77,4,97,17,0,1,0,0
271.25,0,12,6,1,0,0,0
672.6,3,763,3,0,1,0,1
654.14,3,38,8,0,1,0,0
88.04,0,580,19,0,1,0,0
578.66,1,1923,23,1,0,0,0
266.29,3,796,2,1,0,0,0
502.03,0,428,13,0,1,0,0
102.59,2,875,20,1,0,0,0
330.93,0,561,4,0,0,1,0
459.63,4,874,5,0,1,0,0
514.12,3,175,21,0,0,1,1
322.51,3,874,8,0,0,1,1
448.99,2,2025,1,0,1,0,0
121.69,3,1111,2,0,1,0,1
169.79,0,275,13,0,1,0,0
169.14,4,436,13,1,0,0,0
299.2,2,745,11,1,0,0,0
382.93,1,541,22,0,1,0,1
286.12,4,704,13,0,1,0,0
124.86,4,116,16,1,0,0,1
968.65,4,1205,19,0,1,0,1
551.13,0,537,17,1,0,0,0
1180.69,2,4018,6,0,0,1,0
328.32,0,442,11,1,0,0,0
522.36,4,424,5,1,0,0,1
332.41,4,156,3,1,0,0,1
634.53,2,542,23,0,1,0,1
132.18,4,626,23,0,0,1,0
187.94,2,1150,11,1,0,0,1
594.58,3,934,0,0,1,0,0
445.64,0,513,3,1,0,0,0
520.28,1,1655,14,0,0,1,0
1.55,2,2083,8,1,0,0,1
78.64,1,1368,23,0,1,0,0
904.74,2,1181,3,0,0,1,1
241.2,2,799,8,0,0,1,0
257.99,1,1231,13,1,0,0,0
458.45,4,446,8,0,1,0,0
525.6,4,1347,19,0,0,1,0
49.88,3,26,0,1,0,0,1
495.5,2,123,8,1,0,0,0
32.21,4,112,22,0,1,0,0
435.48,4,393,0,0,0,1,0
205.94,0,174,6,0,0,1,0
284.91,2,880,6,0,0,1,0
114.97,4,2642,16,0,0,1,0
250.07,4,712,1,0,0,1,1
625.6,1,272,4,0,0,1,0
509.48,4,312,4,0,1,0,0
25.64,3,1068,8,1,0,0,0
57.42,4,537,7,1,0,0,0
290.83,3,495,21,1,0,0,0
269.0,3,210,20,0,0,1,0
140.62,2,561,0,1,0,0,0
331.69,4,117,1,1,0,0,0
50.07,0,4177,21,0,0,1,1
299.69,3,43,6,1,0,0,0
480.08,1,259,2,0,0,1,0
111.64,3,720,20,0,1,0,1
155.62,2,631,6,1,0,0,0
335.74,4,1228,14,0,1,0,0
277.74,0,403,20,0,1,0,1
898.08,2,2095,15,1,0,0,0
356.97,2,435,10,0,1,0,0
689.59,2,45,5,1,0,0,0
984.53,4,526,11,1,0,0,0
53.33,2,190,8,0,0,1,0
147.09,3,1301,1,0,1,0,0
770.33,0,441,6,0,0,1,0
333.06,2,323,21,0,0,1,0
274.05,0,663,11,0,1,0,0
200.17,0,382,22,0,0,1,0
1055.87,4,484,19,0,0,1,0
232.86,4,296,18,1,0,0,1
66.74,1,64,22,0,1,0,0
777.61,1,1367,23,0,0,1,0
107.12,1,1339,23,1,0,0,1
248.34,3,397,12,0,0,1,1
380.53,2,218,23,0,0,1,0
431.15,4,464,12,0,1,0,1
224.77,3,24,9,1,0,0,1
1094.61,1,902,3,0,0,1,1
670.27,1,115,4,1,0,0,0
327.34,2,7,1,0,0,1,0
240.74,3,1277,16,0,0,1,0
333.15,0,940,19,1,0,0,0
26.27,0,1885,7,1,0,0,0
332.69,1,623,7,1,0,0,0
752.5,4,3125,13,0,0,1,0
264.53,2,1120,9,1,0,0,0
283.68,0,27,20,1,0,0,1
187.56,2,981,3,0,0,1,1
227.1,3,486,20,1,0,0,1
331.0,3,222,8,0,0,1,0
355.05,0,1149,2,0,0,1,0
210.21,2,60,10,1,0,0,0
223.73,3,291,4,1,0,0,0
1009.12,3,428,20,0,1,0,0
405.67,1,186,11,0,1,0,0
409.45,4,611,3,1,0,0,0
648.7,0,468,6,0,1,0,0
397.41,3,2006,2,0,1,0,1
521.1,1,1102,23,0,0,1,0
342.19,3,472,2,0,1,0,0
499.03,0,356,8,1,0,0,1
778.72,4,77,6,0,0,1,0
179.15,0,867,23,0,1,0,0
316.72,0,115,9,1,0,0,0
807.33,1,541,15,1,0,0,0
334.27,4,2777,7,0,1,0,1
499.41,1,280,2,0,0,1,0
858.92,2,294,17,0,0,1,0
25.8,2,597,23,1,0,0,0
536.41,4,879,2,1,0,0,0
1285.49,4,1020,20,0,1,0,1
184.89,0,1042,1,1,0,0,1
263.83,0,3636,13,1,0,0,1
230.04,0,1115,20,0,1,0,0
265.13,3,213,10,0,0,1,0
248.4,4,788,14,0,0,1,0
269.62,3,29,13,1,0,0,0
471.08,1,1154,12,1,0,0,0
209.97,0,245,10,0,0,1,1
318.87,3,634,21,1,0,0,0
807.32,1,520,22,0,0,1,0
213.88,1,71,17,0,0,1,0
415.38,1,875,15,0,1,0,0
570.97,4,1281,13,0,0,1,0
256.06,2,302,13,1,0,0,0
