monthly_spend_ttd,visits_per_month,fresh_share,avg_ticket_ttd
1662.49,10.1,0.503,153.89
1920.87,1,0.331,1798.87
2091.1,17.4,0.451,96.52
2655.2,4.7,0.413,641.05
3182.54,1.9,0.347,1445.67
2206.49,4.1,0.284,870.85
3123.83,4.1,0.363,727.89
2625.84,4.1,0.414,737.57
1735.72,13.6,0.315,143.49
2435.03,6.2,0.373,672.92
1623.4,14.4,0.305,102.55
2399.35,3.2,0.332,654.02
2688.96,1.9,0.376,1653.93
1539.06,14.5,0.471,142.69
2108.33,5.5,0.349,680.22
2565.13,2.7,0.324,564.68
3089.46,4.5,0.269,540.36
2947.93,3.9,0.28,724.71
5327.69,7.1,0.546,868.14
1878.06,11.4,0.442,146.55
2670.02,3.8,0.276,737.68
1922.13,12.6,0.5,129.88
1425.86,12.7,0.511,157.65
2599.2,5.8,0.376,707.75
2579.99,2.3,0.352,692.04
2803.12,3.1,0.315,570.74
6196.82,3.7,0.422,958.18
2616.34,2.9,0.478,665.13
1886.46,14.9,0.551,164.47
2749.75,5.1,0.362,667.91
4833.75,5.6,0.616,984.82
3543.79,2.0,0.352,1491.09
2855.74,3.6,0.369,733.33
2417.74,4.6,0.357,707.69
2532.29,3.3,0.48,734.14
3072.0,3.2,0.34,676.67
1906.53,11.1,0.525,152.58
2944.29,4.3,0.228,627.2
2594.5,1,0.302,1106.9
2837.77,3.9,0.39,713.46
2342.65,5.1,0.268,747.56
2629.58,2.7,0.231,712.6
3227.27,1.2,0.348,978.96
3166.19,5.0,0.34,816.77
3063.3,2.8,0.303,1716.57
3573.3,2.9,0.357,1519.94
2914.48,1.7,0.36,736.11
2902.52,2.5,0.283,1270.83
3705.19,4.4,0.383,851.27
3751.09,1,0.26,1947.16
2468.78,5.3,0.377,565.65
1459.18,10.4,0.391,96.15
2894.76,3.8,0.335,795.6
3108.37,4.1,0.289,625.1
2410.88,4.1,0.413,680.65
3261.97,3.2,0.499,761.01
2611.54,4.4,0.334,746.23
2956.4,1.5,0.189,1327.34
2574.96,1.3,0.368,1140.76
2989.03,4.6,0.376,743.02
2358.93,1.8,0.468,686.45
2687.0,2.0,0.229,1336.83
6439.48,7.0,0.711,940.54
3381.41,4.0,0.246,761.19
3294.01,2.3,0.283,1482.27
3099.24,3.3,0.436,728.02
3548.73,2.3,0.322,1510.32
3948.05,1,0.248,1755.19
2028.27,5.8,0.392,559.5
2647.16,2.0,0.285,1746.64
2056.66,17.0,0.362,126.3
5409.71,4.7,0.589,723.53
3008.93,4.7,0.275,737.28
3668.04,2.5,0.308,1289.82
2771.37,1.5,0.277,1550.69
4199.02,1,0.254,1158.61
1366.11,11.2,0.374,97.57
2005.1,15.8,0.438,149.45
2375.5,4.7,0.319,665.46
4876.23,7.4,0.666,690.53
2897.64,2.2,0.334,1482.45
2677.84,4.4,0.205,776.97
1455.63,13.8,0.349,157.72
2833.92,2.2,0.206,725.82
4221.33,1,0.221,1683.69
1299.28,16.4,0.481,119.18
2820.76,1.7,0.328,1612.19
1183.6,11.9,0.404,99.74
6090.53,7.3,0.517,650.02
3253.45,4.2,0.361,744.36
1473.3,19.5,0.54,164.07
3090.1,2.0,0.338,707.04
2738.88,1,0.316,1528.27
1594.28,16.4,0.622,117.05
994.88,19.3,0.569,131.52
1349.85,17.4,0.37,121.46
2079.83,14.7,0.47,156.85
3441.49,2.7,0.406,1747.42
3176.4,2.5,0.32,690.56
2604.44,3.8,0.374,721.21
1624.18,14.1,0.536,149.58
2941.4,2.3,0.434,853.8
4294.04,4.8,0.498,935.67
2875.28,4.7,0.355,851.16
3332.82,1.6,0.304,1393.48
1847.73,17.9,0.417,106.74
2552.35,4.9,0.333,725.83
3249.01,1.4,0.307,1362.09
3084.69,3.3,0.371,584.1
2694.71,3.8,0.383,809.46
3212.47,1.9,0.302,1482.44
2955.98,3.3,0.415,794.33
1769.35,15.5,0.537,109.44
3338.23,3.1,0.31,1545.06
2186.36,13.1,0.568,137.08
1723.41,18.3,0.447,96.58
5077.22,7.3,0.517,1080.81
5290.07,3.4,0.52,1145.49
2041.3,13.9,0.521,125.46
1733.0,9.4,0.441,135.29
2442.78,13.3,0.534,127.8
5321.04,6.1,0.54,778.87
3648.31,3.5,0.342,664.08
3048.11,3.2,0.253,627.56
3144.29,3.5,0.525,619.67
1278.11,13.5,0.462,103.11
2845.39,3.8,0.433,705.18
2402.23,4.2,0.343,671.7
2521.69,4.5,0.264,720.34
2259.12,13.9,0.355,75.43
2672.56,5.7,0.512,721.04
3898.41,1.2,0.275,1791.1
2815.97,4.1,0.29,668.92
1302.36,12.8,0.506,125.1
1838.69,16.4,0.43,164.4
2858.15,3.6,0.242,638.56
1251.65,15.8,0.363,89.59
2487.65,3.2,0.315,849.58
3407.21,2.2,0.293,1456.82
2046.48,15.4,0.357,172.39
3413.96,5.8,0.298,730.82
2506.43,4.3,0.312,834.46
2117.15,2.6,0.29,662.2
1538.49,9.5,0.489,146.05
1516.19,13.1,0.403,139.19
2974.78,1.1,0.304,1225.85
1885.36,16.8,0.313,129.83
2521.02,4.1,0.323,630.83
2736.64,5.0,0.302,789.64
2443.15,2.9,0.392,717.45
1455.17,9.7,0.514,143.97
3546.02,3.7,0.402,844.53
2876.71,1.3,0.293,1133.8
3582.19,1.9,0.278,1625.82
1547.12,13.4,0.491,96.27
2303.43,4.3,0.394,809.29
1093.02,19.9,0.354,164.94
2647.25,4.5,0.298,564.85
1462.55,15.6,0.447,124.14
4411.56,8.0,0.535,1009.85
1574.84,13.2,0.546,108.18
3625.22,2.9,0.265,1258.86
2441.99,4.7,0.395,578.33
2786.9,2.0,0.356,1586.9
5201.94,1,0.313,852.35
1707.42,14.5,0.329,152.19
2260.33,2.5,0.424,607.96
3104.44,1,0.248,1610.18
2126.58,11.8,0.576,111.22
1814.04,13.7,0.474,153.11
2558.37,4.0,0.366,676.6
1510.68,9.8,0.444,102.94
2168.52,8.2,0.453,122.43
2722.5,4.8,0.346,776.79
3924.58,1,0.227,1565.42
2908.36,1.3,0.253,739.65
3262.06,1.8,0.287,1527.63
3071.2,3.5,0.392,742.2
3648.14,2.1,0.283,1574.27
3938.07,9.2,0.525,833.67
2922.51,4.7,0.429,668.14
4859.41,6.0,0.788,1017.11
2872.49,4.6,0.322,743.52
4748.25,5.0,0.607,842.69
1934.16,17.2,0.535,182.78
3420.49,1,0.3,1368.86
5216.2,6.9,0.5,1006.24
4708.14,8.2,0.595,972.59
3089.78,2.8,0.346,726.86
3835.98,2.8,0.309,1500.84
3626.81,2.2,0.312,1586.32
3473.68,1.7,0.328,1309.53
2486.13,14.5,0.528,161.63
2056.33,18.0,0.429,152.35
2421.02,4.9,0.482,739.39
2459.24,3.0,0.318,744.72
3415.93,2.6,0.329,1472.1
1588.81,19.6,0.392,131.04
2227.92,15.7,0.388,110.15
2241.54,4.3,0.282,750.16
3213.57,2.4,0.319,1331.96
1578.32,10.5,0.237,165.89
3434.47,2.3,0.266,1589.89
2652.82,3.4,0.379,730.64
3159.29,2.7,0.422,728.5
1924.96,11.7,0.453,126.08
3360.66,3.9,0.336,790.46
1787.91,14.7,0.351,163.41
3408.98,4.6,0.321,662.8
2174.36,5.4,0.401,781.19
2434.66,2.5,0.256,1130.52
2924.87,2.9,0.241,1276.62
5884.81,1.5,0.548,1044.01
3409.62,2.6,0.286,1449.3
1516.06,14.4,0.469,154.49
1901.87,15.3,0.48,84.93
2813.74,3.1,0.379,620.94
2555.07,2.9,0.325,711.22
1191.57,17.9,0.347,113.51
1406.75,12.7,0.481,184.76
3699.9,1.2,0.348,1404.78
1548.83,10.4,0.472,161.01
2623.1,2.2,0.239,1431.6
4643.11,6.7,0.597,969.42
2821.67,4.2,0.267,684.29
3711.25,2.8,0.25,1339.43
1624.76,10.5,0.434,130.98
3201.08,1.2,0.357,1343.97
3171.95,1.6,0.396,1415.18
2728.35,1.5,0.344,1432.55
2802.58,1.0,0.292,1578.78
2760.55,2.3,0.31,746.91
3879.57,2.9,0.35,1855.42
1872.88,18.5,0.404,152.41
5131.13,8.0,0.697,604.04
2708.2,2.7,0.317,722.89
2753.88,2.4,0.222,1731.22
1967.88,13.0,0.547,147.82
3333.29,6.1,0.389,706.57
3713.93,3.7,0.25,839.19
3199.58,2.4,0.271,1801.07
1641.56,8.7,0.335,102.52
2848.15,3.4,0.365,798.83
3288.98,3.0,0.338,787.86
2741.58,1.7,0.385,761.04
4852.11,6.3,0.629,564.12
3062.49,5.5,0.354,687.85
1796.01,14.3,0.579,91.32
2899.39,4.5,0.197,788.93
2320.65,3.2,0.317,727.27
3547.88,2.3,0.338,1563.47
3305.17,3.7,0.327,756.48
5777.28,5.4,0.618,948.83
2798.0,3.8,0.314,681.13
1636.11,14.0,0.538,111.15
2696.84,3.1,0.267,1483.25
4104.85,1.7,0.318,1235.36
2655.01,2.0,0.199,1137.22
3083.97,1.3,0.35,1351.16
3096.15,1.2,0.302,1304.48
3335.67,10.4,0.409,741.54
2240.01,2.6,0.38,1268.26
2999.33,4.3,0.382,813.56
3478.14,2.9,0.348,1511.87
2992.22,5.4,0.336,708.48
2799.53,3.6,0.436,663.76
2901.09,3.6,0.418,723.84
5077.98,5.4,0.407,952.17
2039.48,3.6,0.312,788.1
2891.65,3.7,0.265,721.99
1412.17,11.2,0.353,120.06
3837.21,4.2,0.37,764.97
2569.95,2.6,0.325,1687.62
2151.32,4.1,0.206,761.87
2792.01,1.4,0.255,1320.34
1950.78,11.8,0.461,165.5
5380.62,4.1,0.389,840.3
3303.01,3.2,0.342,710.22
2416.97,14.0,0.364,103.34
2680.53,2.1,0.266,1358.69
3057.67,3.9,0.304,776.86
3282.96,3.1,0.45,778.13
2044.09,16.1,0.375,96.73
2431.66,3.1,0.392,680.47
3030.62,4.4,0.376,832.6
3059.64,3.3,0.366,1141.41
2928.46,6.1,0.349,762.43
5231.35,4.3,0.704,693.65
2114.1,2.5,0.251,1614.86
2734.87,2.9,0.376,1618.89
3249.45,1.6,0.288,1506.39
2903.28,3.5,0.45,517.86
5313.24,3.4,0.517,863.44
1611.22,13.9,0.303,128.42
5198.27,9.0,0.641,867.85
3715.96,1.6,0.404,1639.58
1793.46,13.4,0.414,126.72
2882.82,1.2,0.377,1818.1
3091.0,1.2,0.299,1049.41
2074.99,10.2,0.462,89.14
2559.06,4.2,0.444,805.13
1979.04,8.7,0.415,126.39
2885.67,4.5,0.348,753.82
1253.18,12.3,0.492,150.11
2229.52,3.4,0.334,878.54
3973.8,2.9,0.255,1675.5
1541.74,13.3,0.406,122.24
2603.65,1.9,0.269,1559.67
2036.53,12.2,0.467,120.81
3190.84,2.2,0.269,1797.48
2175.49,1.2,0.219,1334.95
1791.46,9.6,0.504,147.66
5980.61,4.7,0.249,983.24
2691.9,4.7,0.352,828.71
3391.11,3.7,0.189,1450.23
2140.82,4.1,0.413,582.26
2073.64,15.9,0.569,87.17
4880.43,4.8,0.666,639.34
2144.73,9.8,0.51,119.16
2094.21,8.4,0.561,112.2
2957.91,4.8,0.416,654.04
2660.59,3.3,0.506,737.0
3042.48,2.5,0.314,606.89
2546.13,4.2,0.4,744.91
3088.9,4.8,0.317,763.35
2638.27,6.2,0.276,697.92
3262.81,3.1,0.353,1494.21
2752.62,2.8,0.484,724.61
1697.83,3.0,0.314,686.18
1666.02,9.6,0.487,146.72
1653.04,13.1,0.43,135.01
2720.2,3.0,0.261,1482.92
3124.2,3.1,0.361,653.65
1781.24,18.5,0.533,139.57
1907.85,13.0,0.478,157.36
2134.87,14.4,0.468,146.63
2740.39,4.2,0.218,653.16
3175.09,3.2,0.395,729.99
2817.12,4.3,0.368,653.83
5065.93,6.4,0.565,924.49
1082.45,10.5,0.421,156.29
3221.6,6.1,0.423,665.63
1902.59,12.6,0.433,97.58
2215.31,6.4,0.491,123.04
1848.12,11.3,0.443,130.68
3661.75,2.9,0.289,1408.04
2597.97,3.4,0.424,726.83
1887.88,12.3,0.538,129.12
2898.03,3.7,0.359,792.1
2770.43,2.9,0.248,808.48
2819.72,3.6,0.313,643.95
1570.09,17.7,0.563,148.09
1631.69,12.9,0.372,143.34
3118.44,2.0,0.302,1149.19
1945.68,3.9,0.358,732.66
2218.93,8.6,0.371,70.11
3523.9,1.7,0.319,1570.86
2707.45,3.5,0.324,801.81
3064.83,2.7,0.287,1394.72
1694.18,15.2,0.397,167.54
1156.32,10.8,0.512,120.53
2368.89,4.4,0.346,835.58
2774.47,3.7,0.415,689.92
2835.06,3.2,0.374,701.24
2136.47,15.0,0.386,168.63
2550.92,2.3,0.301,1257.52
2348.7,5.4,0.419,661.11
2008.08,16.1,0.545,191.45
1738.87,11.8,0.556,132.96
3115.92,2.0,0.371,1495.17
2571.62,3.2,0.267,1567.37
3218.16,1.9,0.246,1359.95
2972.09,5.4,0.237,681.0
3005.85,3.7,0.267,575.71
3645.85,3.4,0.201,668.04
2959.65,2.5,0.357,617.66
2008.6,17.3,0.267,147.0
3404.87,1.9,0.318,1463.57
1688.75,16.6,0.329,147.95
1209.06,10.6,0.395,154.35
1852.6,10.9,0.507,197.25
3350.57,4.4,0.259,703.31
3141.05,1.8,0.314,1343.2
2837.18,4.0,0.388,871.97
3192.18,3.6,0.278,817.18
3153.97,3.3,0.352,721.75
2091.46,2.6,0.253,552.33
2990.79,1.8,0.304,1470.93
1955.79,9.6,0.489,99.62
1431.74,11.6,0.419,142.12
3427.0,3.9,0.266,1718.36
3077.23,1.5,0.239,1740.77
3055.93,1,0.228,1219.27
3372.02,1.7,0.286,1587.76
3202.67,1.8,0.294,1645.08
2705.18,5.2,0.464,644.03
3001.63,2.8,0.385,759.3
3621.13,1,0.255,1117.74
4867.62,7.7,0.513,693.53
5077.19,5.4,0.623,751.67
2902.5,3.7,0.264,687.8
3320.1,1.8,0.357,736.03
1581.02,15.2,0.459,167.93
2148.62,9.3,0.461,118.13
3086.29,5.5,0.368,576.89
2673.36,2.6,0.41,823.87
3159.44,5.1,0.403,833.47
1998.79,19.0,0.384,180.15
1818.95,13.3,0.503,160.39
5052.35,3.8,0.734,697.96
3083.79,3.4,0.446,610.33
2085.78,3.4,0.432,1303.99
2014.25,13.8,0.573,150.3
1547.64,11.8,0.413,130.5
2048.19,16.9,0.529,86.1
3326.75,1.6,0.392,1834.72
4790.61,4.9,0.588,833.71
3334.64,2.3,0.413,1227.95
3152.05,1.6,0.239,1548.9
1850.94,11.9,0.397,77.81
2861.0,2.0,0.259,1685.77
3056.09,3.2,0.357,1580.51
1982.79,21.5,0.507,120.17
2352.12,2.7,0.329,555.07
2878.6,4.8,0.279,806.85
2993.52,3.4,0.315,787.73
2862.53,2.2,0.352,1605.23
3469.1,2.5,0.278,1856.16
2903.14,4.0,0.461,576.18
3236.5,2.5,0.297,1042.73
2996.48,1.9,0.368,1470.66
2905.87,1.8,0.251,1863.28
2722.47,2.0,0.392,670.26
2921.06,3.4,0.365,654.28
3181.91,4.2,0.304,673.07
2978.52,1.3,0.298,1243.77
3783.99,3.6,0.325,1730.99
2971.68,1.8,0.332,1386.68
2478.35,3.1,0.413,622.61
1380.28,19.2,0.387,185.85
2833.74,3.8,0.335,1507.37
2546.75,1.5,0.303,1143.27
2486.61,4.2,0.332,956.1
3132.0,3.1,0.212,853.27
1763.54,12.5,0.556,102.16
1752.36,10.2,0.506,113.63
2579.89,2.6,0.289,1452.39
3171.13,2.0,0.228,1749.58
3597.22,2.8,0.35,1542.85
1667.24,11.4,0.392,147.16
2907.26,1,0.307,1347.35
2946.13,2.5,0.366,1057.99
3810.11,1.9,0.305,1350.75
2686.99,4.0,0.436,560.45
5078.77,1.7,0.258,1195.43
2076.77,12.6,0.458,74.35
2693.1,4.1,0.364,736.38
2794.58,3.0,0.344,810.51
4440.02,8.8,0.685,848.26
2235.42,14.3,0.577,125.73
2399.78,3.1,0.34,630.64
2756.27,2.9,0.245,1628.0
2715.64,3.5,0.271,882.93
2793.79,1.0,0.249,1514.4
3215.6,1.1,0.273,1456.56
2752.58,3.5,0.393,716.12
6476.42,5.7,0.47,869.02
3041.17,3.5,0.314,700.99
2383.21,2.8,0.329,631.82
2099.0,16.3,0.396,175.93
3247.78,2.9,0.342,866.41
3167.24,2.4,0.22,1743.7
2677.67,5.7,0.394,663.56
2664.9,3.6,0.372,807.75
5174.4,7.0,0.623,767.09
2934.88,5.5,0.386,695.8
3380.33,2.6,0.374,824.8
3277.71,2.8,0.224,1379.02
2125.26,16.7,0.422,178.77
1760.02,13.4,0.529,150.78
3283.11,2.4,0.311,1752.17
2894.98,4.6,0.32,603.97
1578.29,13.1,0.529,113.85
2715.89,5.1,0.336,676.68
1699.46,15.5,0.488,139.39
2964.96,3.7,0.387,753.4
2266.29,3.4,0.318,618.06
2732.07,4.7,0.349,728.62
2803.44,4.7,0.346,661.15
4756.56,5.7,0.46,923.69
1803.78,11.6,0.413,135.41
1733.49,19.5,0.648,133.38
3145.07,2.6,0.378,1568.13
2883.88,4.4,0.329,736.71
3084.6,4.7,0.33,741.88
4814.8,7.6,0.547,966.01
2432.88,12.2,0.536,111.02
3209.52,1.9,0.268,1352.41
3692.18,2.1,0.314,1605.63
3750.47,2.4,0.221,1429.56
2195.49,14.2,0.465,124.26
6020.82,6.1,0.575,785.33
3413.28,2.8,0.28,1452.41
2655.73,3.7,0.417,826.06
3069.92,2.7,0.336,1291.45
3621.36,2.1,0.404,1689.19
2932.3,4.9,0.285,616.45
2278.06,2.7,0.268,1663.85
2562.38,5.2,0.455,824.87
2463.97,2.4,0.291,1463.81
3512.73,5.6,0.34,740.67
2416.16,4.0,0.423,652.27
4137.46,2.3,0.224,1650.82
5095.53,4.6,0.582,1055.9
1725.96,6.1,0.292,97.26
3202.68,4.7,0.418,651.26
2650.62,1.5,0.35,1532.07
2562.07,4.6,0.421,808.74
4076.97,2.5,0.266,1485.25
3386.24,3.5,0.275,668.48
1597.32,14.9,0.576,151.72
2548.65,5.4,0.259,719.91
3301.66,2.1,0.24,675.19
5167.04,7.1,0.675,681.09
2842.32,4.7,0.364,666.74
3369.82,1.6,0.303,1411.89
3384.46,3.5,0.229,737.69
1786.41,11.7,0.347,108.44
5185.37,5.8,0.507,902.33
3243.12,2.8,0.297,1550.4
3181.52,1.7,0.263,1237.61
2682.04,3.8,0.401,781.06
2184.68,15.0,0.391,148.24
2158.94,13.5,0.503,99.91
3064.23,5.5,0.453,751.01
5586.66,6.6,0.675,961.99
3118.47,1.8,0.331,1336.58
3401.88,2.7,0.434,616.98
3538.35,1.8,0.35,1460.94
3190.17,3.8,0.451,692.31
2689.61,4.5,0.2,865.35
3412.97,2.2,0.38,1530.41
2038.27,14.8,0.462,99.4
2430.8,5.1,0.454,747.67
2842.92,6.1,0.317,828.93
1559.92,8.6,0.453,90.67
1928.34,10.9,0.406,104.12
5631.15,5.3,0.487,902.05
1736.44,13.5,0.336,135.46
3179.44,3.4,0.283,791.13
2855.7,3.1,0.298,762.13
2131.76,14.1,0.365,163.99
1930.67,13.3,0.435,121.01
1950.78,14.9,0.411,164.23
4235.72,1.3,0.348,1502.91
2912.79,1.3,0.213,1382.86
2440.3,4.4,0.426,786.76
3414.54,3.9,0.261,771.43
1562.12,13.3,0.475,139.37
2400.09,2.9,0.392,741.09
1458.19,9.1,0.462,155.15
2379.02,5.5,0.213,660.58
2876.09,3.3,0.198,793.48
3338.16,1.5,0.371,1180.51
1474.3,20.5,0.538,184.31
3079.05,1.4,0.377,1595.22
1281.61,12.7,0.495,98.79
3547.32,1.3,0.287,1767.73
6029.03,6.6,0.632,435.18
2493.13,3.0,0.367,823.26
2350.98,3.0,0.308,1709.37
3038.4,1.1,0.315,1616.15
3004.41,2.9,0.318,1535.83
3536.86,2.6,0.283,1416.68
4018.17,1,0.355,1220.4
3574.12,2.5,0.27,1444.02
2913.78,2.6,0.249,1302.88
4274.62,3.1,0.28,1393.8
1965.36,14.4,0.45,164.84
2788.77,3.8,0.332,620.68
1802.37,9.0,0.386,118.54
3985.47,1.2,0.256,1313.64
3114.77,1,0.295,1379.34
2518.17,4.6,0.265,743.39
3341.75,1.6,0.335,798.82
3157.43,1.8,0.265,1504.08
2726.37,3.7,0.401,708.75
2039.32,13.0,0.517,154.02
3759.32,1.2,0.266,1566.69
3038.95,2.8,0.368,662.38
2702.7,4.5,0.277,833.4
2406.47,4.8,0.461,710.68
4711.68,6.2,0.517,965.04
2376.05,4.2,0.286,756.55
2369.78,4.1,0.321,629.21
4176.82,3.1,0.609,803.45
2027.53,1.9,0.3,1510.21
3424.61,1,0.266,1749.01
3148.25,4.6,0.386,1631.42
2530.52,4.1,0.299,747.37
1804.04,11.8,0.439,126.47
2750.8,3.2,0.32,696.83
3378.96,2.2,0.257,1280.35
2219.39,10.8,0.459,165.55
4429.7,1.7,0.27,1261.05
2187.37,10.8,0.458,120.13
2877.13,1.6,0.212,1393.65
2529.65,3.5,0.414,641.98
3186.96,2.8,0.474,574.08
3024.87,3.8,0.331,833.28
1519.83,12.3,0.605,145.49
3278.08,3.6,0.321,714.06
3067.86,3.3,0.441,703.84
2635.43,4.9,0.211,685.51
2666.03,2.5,0.219,1699.16
1563.53,15.6,0.401,146.47
3116.26,1.7,0.208,767.17
2647.27,3.1,0.202,1914.43
2625.04,5.7,0.381,683.36
2045.82,4.4,0.302,757.62
2981.35,2.2,0.354,1496.18
1814.07,2.3,0.466,650.27
4647.31,4.1,0.671,1110.54
2574.75,3.5,0.447,624.09
2456.3,1.8,0.356,1171.2
2582.68,3.7,0.359,715.55
3771.98,3.7,0.3,646.55
1835.36,12.5,0.381,173.92
2996.75,3.8,0.294,669.55
2143.13,3.9,0.267,812.4
2828.2,4.6,0.243,804.51
3598.21,1.0,0.371,1466.64
3690.12,2.4,0.222,1938.32
3632.13,2.2,0.352,1068.62
3127.77,2.3,0.384,1406.09
4447.7,5.0,0.62,926.83
2426.9,3.7,0.274,688.98
4410.23,5.2,0.543,1120.73
6027.73,1.6,0.56,619.26
5550.91,6.1,0.517,1042.38
5102.36,8.1,0.491,856.93
1563.71,17.9,0.455,119.41
3054.73,5.6,0.193,930.54
2761.99,3.2,0.265,771.96
3349.33,1.4,0.295,1374.33
2196.89,14.9,0.37,127.87
1991.15,2.1,0.319,1317.98
1786.82,11.5,0.377,129.35
2129.6,15.2,0.509,94.9
1999.36,10.4,0.398,137.17
3157.83,3.6,0.383,882.46
3730.27,1.3,0.245,1792.13
5808.4,2.6,0.339,904.62
3074.79,1.6,0.353,1595.49
1527.11,13.0,0.439,119.48
2108.79,15.6,0.407,107.3
4040.97,9.0,0.515,954.2
1140.78,15.0,0.541,97.96
2408.16,1,0.3,1422.63
3200.98,3.8,0.429,772.36
3382.65,3.4,0.488,791.56
2310.51,2.3,0.311,1270.72
3734.03,4.9,0.222,701.85
2616.81,3.7,0.327,787.33
2736.37,3.2,0.269,613.26
2815.19,3.8,0.494,771.52
3715.4,5.4,0.268,834.28
1792.1,15.0,0.499,116.02
1890.63,13.1,0.472,137.6
1562.33,10.5,0.44,154.4
3672.55,6.3,0.269,622.5
2991.0,3.1,0.407,611.75
1599.24,11.5,0.528,141.36
2379.95,5.0,0.353,722.45
2492.03,6.9,0.386,664.72
3318.9,2.0,0.291,1382.9
1275.62,19.3,0.627,161.0
2541.18,5.5,0.408,754.96
4466.58,8.5,0.56,759.7
3412.34,3.6,0.26,715.81
3001.04,2.7,0.331,548.34
1459.26,12.9,0.526,151.54
2173.38,11.8,0.371,158.72
1276.45,8.6,0.427,177.06
2440.46,4.6,0.393,868.51
2400.11,14.0,0.496,186.75
5257.43,6.9,0.514,741.47
2467.13,1.4,0.206,1348.84
3379.68,1,0.283,1530.04
5637.94,3.0,0.576,986.5
3169.2,1.7,0.274,1547.81
2776.46,1.4,0.199,1647.43
4793.02,9.2,0.638,891.49
1686.03,8.2,0.456,137.27
3841.42,1.2,0.208,1533.12
3383.45,3.7,0.387,725.8
2406.94,2.6,0.337,693.5
3232.43,4.5,0.347,1161.44
3174.4,3.8,0.293,1437.03
3315.21,2.3,0.335,1414.86
3318.62,3.8,0.287,770.41
2546.68,4.3,0.378,536.47
2262.91,3.0,0.384,723.33
2502.21,4.9,0.226,641.25
3915.44,2.3,0.303,1419.34
2923.9,3.7,0.451,782.85
3125.25,3.2,0.316,673.55
3623.16,2.2,0.38,765.0
2618.34,3.1,0.362,820.67
1717.73,1,0.285,1790.77
3625.88,2.3,0.298,1184.34
2861.74,2.8,0.32,1521.02
1914.86,13.8,0.396,73.42
1591.31,9.1,0.418,145.63
1842.0,15.4,0.438,146.32
3014.1,3.6,0.249,817.15
2244.45,1.3,0.366,1594.65
3084.06,2.7,0.286,1431.28
3607.3,2.0,0.326,1707.78
2420.89,2.4,0.377,1434.48
2884.6,2.9,0.377,682.51
2623.43,1.6,0.283,679.72
1539.79,9.1,0.455,100.35
3020.21,4.9,0.34,654.12
1246.39,17.3,0.52,129.93
2225.08,3.2,0.445,787.52
1981.43,9.9,0.396,124.5
3448.26,2.7,0.272,1844.95
2755.79,2.5,0.275,747.62
2038.44,11.8,0.438,107.69
1267.52,18.8,0.512,138.12
1365.97,13.2,0.457,142.17
1775.73,12.2,0.491,162.19
6025.25,5.1,0.638,807.71
2597.34,4.3,0.382,752.34
1299.6,11.7,0.456,135.96
949.62,16.4,0.42,126.48
2499.11,2.6,0.324,663.99
2506.96,2.7,0.224,1285.43
2935.91,5.1,0.398,666.34
3373.6,1.8,0.221,1405.2
2655.23,3.0,0.352,800.55
3965.75,1.9,0.492,1253.76
3326.93,4.5,0.29,621.52
3292.02,1.6,0.291,1716.13
2795.68,4.1,0.372,638.46
6857.86,8.0,0.622,766.83
2498.17,6.0,0.461,806.56
1902.18,11.9,0.417,119.01
2830.01,2.9,0.27,830.2
2850.93,4.1,0.379,784.1
1209.86,11.1,0.586,87.73
3292.63,4.6,0.394,631.76
2307.37,7.2,0.427,667.89
1762.06,11.8,0.414,89.12
1849.24,16.7,0.405,163.31
3206.6,4.9,0.305,663.27
1412.99,12.9,0.394,167.77
2673.23,3.8,0.347,783.62
3082.76,1.7,0.362,1392.46
2244.83,4.0,0.38,710.8
2046.51,14.9,0.344,150.64
2382.41,3.7,0.413,828.05
3455.52,2.0,0.344,1626.51
2803.82,2.2,0.295,1420.73
1930.6,12.4,0.489,120.44
2062.7,18.9,0.432,130.19
2961.94,3.9,0.433,636.72
3553.38,4.7,0.4,701.25
1383.39,18.6,0.636,131.11
2915.48,3.1,0.254,570.31
1888.61,19.7,0.296,120.38
1611.68,15.2,0.419,140.06
2639.45,1,0.287,1593.56
3014.35,4.7,0.302,733.87
2677.72,2.9,0.403,930.71
2573.26,4.3,0.426,669.26
4004.18,2.0,0.312,2061.41
1393.48,16.0,0.338,140.53
2959.18,5.7,0.399,718.88
3080.28,1.8,0.328,1196.37
1664.23,15.1,0.396,118.26
2996.14,2.7,0.313,728.21
2169.02,16.0,0.594,128.68
2281.33,6.1,0.417,713.1
3604.73,2.6,0.395,1591.03
2454.38,1.7,0.313,1412.13
2149.43,14.1,0.385,122.54
2923.4,3.8,0.217,688.47
2549.06,3.6,0.535,695.19
2947.57,1.4,0.252,1604.64
3250.91,1.0,0.27,1047.44
2576.74,1.6,0.319,1612.47
2658.25,4.4,0.329,688.61
2939.24,3.4,0.317,860.36
1674.46,13.8,0.507,116.43
2865.02,2.4,0.325,811.05
3142.65,5.3,0.371,704.41
2932.35,5.6,0.437,704.37
3672.31,2.7,0.367,1433.24
1870.39,15.6,0.395,101.4
4083.43,1.1,0.526,1148.94
2960.75,1.7,0.315,1266.02
2381.11,2.3,0.324,710.96
4110.14,5.9,0.554,1158.61
3916.75,1.2,0.292,2143.12
1682.66,11.7,0.485,105.31
2889.92,2.6,0.209,1686.58
3482.96,3.0,0.347,657.1
2744.62,5.4,0.468,747.42
2029.19,17.2,0.385,98.18
3062.09,1.3,0.298,1359.48
5407.03,1.3,0.558,1015.03
3253.42,1.3,0.309,1675.71
3119.77,4.9,0.297,714.61
2427.33,3.9,0.36,703.74
3609.52,1.6,0.242,2010.61
3173.12,3.0,0.203,665.12
2035.04,12.0,0.457,156.36
5246.46,9.4,0.453,697.64
3871.37,2.8,0.318,1459.53
1615.06,13.0,0.479,113.13
5590.55,5.4,0.429,890.81
1667.16,18.3,0.474,89.88
2882.96,4.5,0.276,793.11
2200.2,1,0.268,1622.94
3030.9,4.8,0.308,611.85
1860.78,16.0,0.416,109.53
2703.58,3.9,0.376,581.94
2653.51,3.2,0.399,777.13
3377.31,2.4,0.409,717.65
2502.03,4.4,0.387,683.6
3804.22,8.6,0.547,910.38
2376.81,3.3,0.277,709.33
2928.68,4.5,0.282,708.8
1801.2,13.2,0.454,70.33
3199.76,1.5,0.234,1398.16
2669.22,3.4,0.304,802.74
2966.1,1.0,0.33,1659.24
1603.86,11.1,0.624,113.93
3069.01,5.3,0.327,775.63
1604.27,13.0,0.355,142.63
2499.96,4.4,0.381,662.28
5262.67,7.3,0.629,800.2
2341.48,1.3,0.365,1714.82
2612.3,3.9,0.343,634.96
3160.9,2.4,0.295,1706.97
1757.05,13.0,0.426,115.29
2318.4,4.7,0.382,761.71
1781.89,11.0,0.525,112.24
1885.6,13.6,0.379,84.97
3475.16,2.0,0.267,1176.32
3320.38,2.9,0.378,1298.66
3724.36,2.3,0.274,1358.43
3578.57,1.2,0.3,1333.85
2859.25,4.2,0.279,788.61
2801.14,2.5,0.445,797.5
3424.69,3.5,0.356,674.15
1795.79,13.6,0.462,118.99
2694.79,4.5,0.357,611.37
1424.1,13.0,0.448,106.72
2152.58,16.3,0.392,88.74
2652.81,16.5,0.415,117.15
2507.09,3.3,0.233,699.98
1872.2,11.0,0.354,160.12
3101.64,1.9,0.18,1640.45
3515.22,4.1,0.287,704.95
2841.59,4.1,0.427,764.37
2604.35,4.8,0.371,712.91
2214.43,15.4,0.384,136.4
2751.57,3.8,0.495,785.51
2284.49,15.2,0.279,117.37
3097.15,2.6,0.356,872.82
2054.96,10.2,0.526,144.94
3508.6,2.0,0.378,1551.31
3500.97,1,0.345,1880.69
3201.72,1.9,0.272,1502.94
4473.29,3.0,0.466,666.44
3152.72,3.3,0.358,1556.26
5932.97,5.8,0.588,683.31
5632.92,8.1,0.579,1048.49
2753.85,4.6,0.344,829.04
5188.7,4.5,0.522,1030.04
2295.73,4.6,0.366,641.26
2916.84,2.3,0.3,1667.1
4800.28,3.4,0.608,803.08
1151.61,19.1,0.556,142.07
2474.4,3.0,0.365,824.42
3618.6,1,0.368,1590.82
3208.3,6.0,0.486,624.68
3007.65,3.2,0.297,1379.46
1872.14,14.5,0.384,96.35
2385.48,2.6,0.312,1547.59
1928.66,10.3,0.382,173.5
5338.62,8.3,0.667,871.38
1733.22,8.6,0.208,166.54
2335.32,7.6,0.54,198.46
5363.61,4.4,0.554,757.76
3230.2,2.6,0.261,1762.87
3393.14,1.2,0.325,1662.68
2971.2,3.4,0.351,712.41
2466.3,3.5,0.329,622.38
1754.32,16.2,0.31,124.69
1467.73,15.1,0.459,92.86
2980.96,2.6,0.316,1583.57
6410.54,7.0,0.614,762.04
3374.08,4.7,0.227,797.49
3077.31,5.0,0.337,765.36
2650.84,3.6,0.357,679.73
3865.54,2.1,0.234,2023.57
2788.79,2.9,0.235,1322.46
3099.63,3.6,0.34,555.14
1846.38,12.1,0.497,153.22
2446.12,2.5,0.413,1428.16
3101.76,1.3,0.358,1626.17
3021.51,1.9,0.308,1254.01
2324.6,3.7,0.407,730.93
1453.03,12.8,0.346,120.68
3064.66,3.6,0.324,699.85
1885.34,12.7,0.316,147.67
6209.01,7.1,0.461,1059.62
2866.33,4.7,0.325,732.6
1699.26,15.2,0.412,128.3
3165.03,2.8,0.269,1747.32
2771.79,4.6,0.442,766.04
2874.09,1.2,0.396,1383.22
2986.78,4.5,0.42,813.35
3822.69,1.2,0.352,1431.83
1635.67,13.6,0.375,132.08
3196.72,1,0.338,1519.64
1968.72,14.9,0.405,138.12
2086.21,13.7,0.368,173.42
3113.22,4.1,0.257,1186.22
1916.95,16.3,0.608,133.09
3045.43,2.9,0.301,1630.11
2364.1,2.5,0.313,1913.29
3160.86,4.3,0.267,678.25
2669.76,1.7,0.379,1054.89
5020.8,8.5,0.367,747.22
2354.39,1.3,0.39,1637.43
3290.6,1,0.261,1241.9
2529.48,1,0.264,1669.69
5470.2,7.3,0.532,1163.79
3533.43,4.3,0.369,599.6
1425.68,12.1,0.435,110.46
2749.31,2.9,0.442,667.95
3387.58,4.1,0.432,862.17
3417.24,2.1,0.349,1399.73
2276.47,16.1,0.52,116.0
1095.73,17.7,0.549,149.42
3369.83,3.2,0.284,1616.79
2924.94,4.3,0.346,629.3
4958.01,7.5,0.585,942.27
3084.72,1.8,0.267,786.73
1951.71,18.6,0.507,96.37
2847.13,1,0.34,1753.8
3636.23,3.5,0.334,752.84
2707.02,4.3,0.393,820.47
3271.62,3.0,0.303,1312.71
2855.21,5.8,0.446,649.98
1918.2,15.4,0.567,123.15
1463.54,13.7,0.484,131.88
2608.02,1.3,0.414,675.5
2905.2,1.5,0.388,1509.78
5636.86,4.2,0.521,914.05
2959.08,2.1,0.274,860.23
2612.38,4.6,0.471,621.64
3215.34,3.9,0.404,794.26
3714.21,2.9,0.312,1231.7
2959.27,2.7,0.314,1722.53
2957.39,1.9,0.309,1292.34
1673.56,18.9,0.528,169.17
3250.36,2.9,0.328,1154.64
2937.02,6.5,0.348,523.72
1645.28,18.4,0.432,115.7
2881.27,3.4,0.298,1631.72
2124.26,11.3,0.499,179.49
1809.53,13.3,0.325,131.88
2712.52,1.7,0.342,1423.51
1564.1,17.1,0.37,107.83
6164.93,9.8,0.537,1029.03
3285.95,4.6,0.275,632.52
2016.79,16.3,0.502,96.83
3651.34,3.3,0.27,1541.3
3236.88,4.3,0.3,719.63
2173.22,1.8,0.327,613.23
2764.22,4.5,0.31,742.69
2954.48,4.4,0.298,736.23
2265.12,4.1,0.376,705.7
2279.86,1.2,0.408,1439.09
2984.36,5.0,0.384,820.43
5989.67,6.3,0.476,825.67
2781.26,4.5,0.338,831.0
1179.7,10.6,0.379,159.05
2631.02,4.0,0.382,712.9
2944.63,3.6,0.273,1391.43
3066.48,4.4,0.321,669.39
2751.31,5.1,0.35,802.91
3542.0,2.2,0.378,1806.03
1955.58,14.0,0.376,143.07
2190.79,1.2,0.327,1230.44
3438.95,3.4,0.283,788.51
2771.92,4.6,0.325,665.28
2687.95,2.8,0.332,1583.25
3292.69,1.5,0.352,1112.25
2980.48,5.0,0.364,789.42
5431.42,7.4,0.429,907.56
1798.78,13.2,0.342,122.33
2821.82,1.7,0.281,1684.72
4388.27,5.9,0.562,865.25
2715.26,1.8,0.343,1421.82
3095.31,4.6,0.471,686.64
1469.91,12.1,0.55,110.27
1868.66,15.3,0.383,116.1
4595.73,6.9,0.488,1319.97
1735.89,16.9,0.388,156.73
1717.18,13.8,0.259,161.82
3135.56,3.2,0.405,820.7
2876.57,5.3,0.325,746.58
2660.68,4.3,0.401,685.33
1505.41,12.1,0.427,130.48
2634.68,4.9,0.318,673.21
1608.33,11.3,0.332,108.02
2121.01,20.3,0.664,139.17
2212.42,3.3,0.21,1256.85
2046.98,14.3,0.294,120.17
1976.64,14.2,0.3,125.27
3188.64,1.9,0.308,1337.36
4975.28,2.7,0.61,1021.18
1710.24,15.0,0.424,154.52
2742.66,4.2,0.364,672.13
2789.98,1.6,0.242,1456.9
1425.06,9.4,0.427,134.61
1143.8,17.5,0.517,95.52
1871.12,12.8,0.524,168.33
2846.9,4.4,0.397,794.58
1972.12,3.9,0.219,542.2
3110.71,5.4,0.315,830.2
3163.04,2.0,0.173,1601.59
4928.37,6.0,0.581,762.15
1534.9,13.9,0.478,146.44
3099.84,3.8,0.319,779.66
3174.0,3.3,0.289,714.51
2931.55,4.8,0.289,690.15
1760.53,13.0,0.535,114.3
2341.95,1.9,0.321,761.18
2808.27,3.2,0.345,695.25
2594.49,3.6,0.26,743.08
1571.47,13.5,0.419,106.43
2592.13,3.5,0.427,733.94
4581.33,6.1,0.511,959.0
2023.35,9.2,0.462,141.16
3625.61,2.6,0.254,1466.26
2390.56,6.2,0.43,762.8
4459.36,1.6,0.556,1178.96
2126.39,11.6,0.606,135.3
2469.54,5.6,0.427,727.58
2797.78,3.6,0.346,551.35
3140.44,2.0,0.24,1870.73
2289.85,4.6,0.313,721.28
1810.67,7.4,0.473,115.56
3315.47,3.8,0.387,818.83
3882.69,1.3,0.314,1669.74
2903.78,1,0.408,1596.08
3210.1,2.5,0.301,1439.49
3034.37,3.2,0.366,898.13
1824.11,20.0,0.446,97.25
2845.64,2.3,0.275,600.4
3652.23,5.4,0.27,702.23
3102.35,1.6,0.304,1754.62
1850.11,13.7,0.451,177.38
1814.56,13.6,0.404,129.54
3049.8,4.0,0.29,777.94
5583.09,5.3,0.491,1056.65
2765.24,3.8,0.277,787.75
4796.72,1.2,0.54,795.07
5330.47,6.6,0.614,724.66
3850.95,2.2,0.347,1514.22
2217.9,16.3,0.35,126.87
1420.59,17.8,0.399,163.78
3328.64,3.6,0.443,743.06
2792.58,3.6,0.432,758.5
3123.18,2.6,0.307,1437.03
2109.21,3.2,0.27,646.32
3877.26,1.6,0.247,1306.54
2591.43,4.8,0.247,675.97
3284.08,6.1,0.318,748.05
1343.51,17.2,0.465,105.63
1445.61,13.7,0.565,146.17
2410.05,3.7,0.325,645.73
3001.99,2.5,0.384,1415.9
3108.64,3.4,0.405,594.04
1537.43,14.2,0.425,138.2
3206.88,5.4,0.399,686.94
2041.15,14.1,0.44,142.45
1282.17,9.8,0.302,147.19
2555.91,4.7,0.363,762.04
1765.78,15.9,0.437,140.76
2672.87,3.9,0.325,668.06
2085.64,2.0,0.476,643.98
2677.5,3.0,0.334,918.31
3122.44,4.5,0.407,702.04
1875.04,11.5,0.525,103.48
1932.67,12.3,0.559,126.25
1571.95,15.4,0.354,104.47
3454.72,2.8,0.439,786.31
2419.44,5.4,0.383,811.8
5209.35,6.4,0.498,715.23
3695.29,9.9,0.572,661.18
1588.37,16.8,0.548,102.25
3828.25,3.0,0.32,1415.62
2834.64,1.7,0.252,1589.42
1003.26,10.0,0.447,143.49
3043.28,3.6,0.401,662.59
1752.24,10.5,0.41,124.89
5087.72,6.7,0.469,804.47
1317.12,18.6,0.283,128.24
4829.75,5.5,0.653,992.73
3130.31,3.3,0.331,1706.59
2282.86,5.2,0.439,578.64
2008.67,11.6,0.327,156.62
1738.41,17.3,0.555,108.04
3093.1,5.0,0.239,704.82
2846.37,3.6,0.354,597.28
2659.54,3.7,0.451,672.15
2987.0,3.7,0.245,670.07
2745.76,3.7,0.242,621.79
2210.12,13.1,0.345,138.94
3358.96,4.3,0.205,568.15
2005.09,15.3,0.417,139.88
2847.63,1,0.264,1600.16
5631.65,6.3,0.531,916.58
3188.72,1,0.283,1640.02
3734.96,1,0.292,1324.93
3604.56,1.8,0.266,1869.46
3270.41,1.6,0.21,1719.4
3619.21,2.5,0.27,1528.01
2681.8,6.1,0.361,738.64
4583.19,4.7,0.502,937.93
1467.28,11.4,0.633,96.0
1805.23,8.5,0.336,151.86
946.62,14.6,0.536,167.02
5152.59,7.5,0.55,749.7
3942.86,3.7,0.243,1542.22
1063.99,18.6,0.354,144.61
2686.07,1.7,0.291,1408.78
3218.31,1.2,0.284,1171.36
3632.15,1.5,0.295,1398.82
2452.26,2.8,0.341,1430.84
3122.96,1.7,0.325,1338.84
2112.8,15.5,0.354,148.07
3183.98,4.5,0.276,743.04
2868.57,3.8,0.351,556.23
1868.09,10.9,0.349,137.13
2717.59,3.3,0.46,809.85
2054.91,12.2,0.515,139.53
2712.32,4.3,0.265,739.16
3333.19,1.6,0.359,2064.51
1861.12,11.6,0.48,125.94
3786.93,1.8,0.294,1417.21
3373.53,1.7,0.291,1606.61
2457.86,5.7,0.521,608.91
2147.4,3.0,0.361,721.48
3053.08,1.1,0.311,1870.94
3019.14,1.2,0.387,1841.16
2334.21,4.1,0.378,764.13
3874.93,2.3,0.328,1430.31
2920.72,1,0.369,1741.33
3474.86,3.6,0.354,718.0
3533.29,3.9,0.441,635.2
3275.53,3.6,0.407,581.99
4009.28,2.6,0.294,1133.48
3158.26,5.8,0.325,720.66
1774.49,20.2,0.45,168.29
3243.42,4.3,0.284,746.87
3068.98,3.6,0.334,739.28
3327.06,1.9,0.265,1267.64
3792.29,4.3,0.186,605.23
2033.46,3.4,0.362,742.08
2752.61,3.1,0.435,589.9
1563.57,15.2,0.478,98.67
2275.39,4.2,0.323,772.83
2701.73,4.1,0.478,751.54
2650.37,4.5,0.282,758.77
3474.15,2.2,0.272,1616.76
1552.26,9.5,0.476,118.57
1966.78,12.9,0.417,124.18
5797.97,5.9,0.615,943.64
2149.58,15.4,0.487,117.87
4203.29,8.8,0.752,735.54
2009.48,8.6,0.466,138.42
1828.88,14.7,0.395,109.63
3114.68,4.2,0.295,743.15
3677.23,2.5,0.234,1312.72
2688.44,5.5,0.355,726.95
1993.7,14.1,0.265,180.87
3414.18,1.6,0.3,1583.9
3653.08,2.2,0.137,1369.43
2633.45,4.7,0.329,704.79
2659.62,3.9,0.372,882.01
